timestamp,entry_minute,time_left_min,regime,signal,model_up,model_down,mkt_up,mkt_down,edge_up,edge_down,recommendation
2026-02-13T15:40:19.339Z,10.317,4.679,TREND_UP,NO TRADE,0.5519857407407407,0.4480142592592593,0.43,0.56,0.11764230639730633,-0.11764230639730644,NO_TRADE
2026-02-13T15:40:21.023Z,10.339,4.650,TREND_UP,NO TRADE,0.5516629629629629,0.4483370370370371,0.39,0.59,0.15370377928949353,-0.15370377928949353,NO_TRADE
2026-02-13T15:40:22.266Z,10.367,4.629,TREND_UP,NO TRADE,0.551432962962963,0.44856703703703704,0.37,0.62,0.1776955892255892,-0.17769558922558926,NO_TRADE
2026-02-13T15:40:23.522Z,10.388,4.608,TREND_UP,NO TRADE,0.5512001851851852,0.4487998148148148,0.37,0.61,0.17364916477702197,-0.17364916477702197,NO_TRADE
2026-02-13T15:40:24.799Z,10.409,4.587,TREND_UP,NO TRADE,0.5509637037037037,0.44903629629629627,0.41,0.57,0.13259635676492826,-0.1325963567649282,NO_TRADE
2026-02-13T15:40:26.055Z,10.430,4.566,TREND_UP,NO TRADE,0.5507309259259259,0.4492690740740741,0.45,0.53,0.09154725245653811,-0.09154725245653816,NO_TRADE
2026-02-13T15:40:27.333Z,10.451,4.545,TREND_UP,NO TRADE,0.5504977777777778,0.44950222222222225,0.45,0.54,0.09595232323232317,-0.09595232323232328,NO_TRADE
2026-02-13T15:40:28.584Z,10.472,4.524,TREND_UP,NO TRADE,0.5502627777777778,0.44973722222222223,0.45,0.54,0.09571732323232318,-0.09571732323232329,NO_TRADE
2026-02-13T15:40:29.828Z,10.493,4.503,TREND_UP,NO TRADE,0.5500325925925926,0.44996740740740737,0.44,0.53,0.09642434516991222,-0.09642434516991227,NO_TRADE
2026-02-13T15:40:31.085Z,10.514,4.482,TREND_UP,NO TRADE,0.5497994444444444,0.4502005555555556,0.44,0.55,0.10535499999999992,-0.10535499999999998,NO_TRADE
2026-02-13T15:40:32.344Z,10.535,4.461,TREND_UP,NO TRADE,0.5495666666666666,0.45043333333333335,0.43,0.56,0.11522323232323228,-0.1152232323232324,NO_TRADE
2026-02-13T15:40:33.588Z,10.556,4.440,TREND_UP,NO TRADE,0.5493362962962963,0.4506637037037037,0.41,0.58,0.13519488215488218,-0.13519488215488218,NO_TRADE
2026-02-13T15:40:34.838Z,10.577,4.419,TREND_UP,NO TRADE,0.5491046296296296,0.4508953703703704,0.4,0.59,0.1450642255892255,-0.1450642255892255,NO_TRADE
2026-02-13T15:40:36.081Z,10.597,4.399,TREND_UP,NO TRADE,0.5488742592592593,0.45112574074074074,0.38,0.61,0.1650358754208754,-0.1650358754208754,NO_TRADE
2026-02-13T15:40:37.344Z,10.618,4.378,TREND_UP,NO TRADE,0.5486405555555556,0.4513594444444444,0.38,0.61,0.1648021717171717,-0.1648021717171717,NO_TRADE
2026-02-13T15:40:38.596Z,10.639,4.357,TREND_UP,NO TRADE,0.548409074074074,0.451590925925926,0.39,0.6,0.15446968013468004,-0.1544696801346801,NO_TRADE
2026-02-13T15:40:39.859Z,10.660,4.336,TREND_UP,NO TRADE,0.5481746296296296,0.4518253703703704,0.4,0.59,0.1441342255892255,-0.1441342255892255,NO_TRADE
2026-02-13T15:40:41.115Z,10.681,4.315,TREND_UP,NO TRADE,0.5479422222222222,0.4520577777777778,0.38,0.61,0.16410383838383835,-0.16410383838383835,NO_TRADE
2026-02-13T15:40:42.360Z,10.702,4.294,TREND_UP,NO TRADE,0.5477116666666667,0.4522883333333333,0.37,0.62,0.17397429292929295,-0.173974292929293,NO_TRADE
2026-02-13T15:40:44.050Z,10.723,4.266,TREND_UP,NO TRADE,0.5473987037037037,0.4526012962962963,0.37,0.62,0.17366132996632994,-0.17366132996633,NO_TRADE
2026-02-13T15:40:45.298Z,10.751,4.245,TREND_UP,NO TRADE,0.5471675925925926,0.4528324074074074,0.36,0.63,0.18353122895622898,-0.18353122895622898,NO_TRADE
2026-02-13T15:40:46.553Z,10.772,4.224,TREND_UP,NO TRADE,0.5469351851851851,0.45306481481481486,0.36,0.63,0.1832988215488215,-0.1832988215488215,NO_TRADE
2026-02-13T15:40:47.797Z,10.793,4.203,TREND_UP,NO TRADE,0.5467046296296296,0.4532953703703704,0.37,0.62,0.17296725589225587,-0.17296725589225592,NO_TRADE
2026-02-13T15:40:49.050Z,10.813,4.183,TREND_UP,NO TRADE,0.5464725925925926,0.4535274074074074,0.39,0.6,0.15253319865319864,-0.1525331986531987,NO_TRADE
2026-02-13T15:40:50.294Z,10.834,4.162,TREND_UP,NO TRADE,0.5462424074074074,0.45375759259259263,0.4,0.59,0.14220200336700328,-0.14220200336700328,NO_TRADE
2026-02-13T15:40:51.533Z,10.855,4.141,TREND_UP,NO TRADE,0.5460127777777778,0.4539872222222222,0.41,0.57,0.12764543083900232,-0.12764543083900226,NO_TRADE
2026-02-13T15:40:52.773Z,10.876,4.120,TREND_UP,NO TRADE,0.5457831481481481,0.4542168518518519,0.41,0.58,0.13164173400673396,-0.13164173400673396,NO_TRADE
2026-02-13T15:40:54.020Z,10.896,4.100,TREND_UP,NO TRADE,0.5455524074074074,0.4544475925925926,0.43,0.56,0.11120897306397304,-0.11120897306397315,NO_TRADE
2026-02-13T15:40:55.273Z,10.917,4.079,TREND_UP,NO TRADE,0.5453203703703704,0.4546796296296296,0.43,0.55,0.10654486016628878,-0.10654486016628884,NO_TRADE
2026-02-13T15:40:56.527Z,10.938,4.058,TREND_UP,NO TRADE,0.5450879629629629,0.4549120370370371,0.47,0.52,0.07034048821548816,-0.07034048821548822,NO_TRADE
2026-02-13T15:40:57.774Z,10.959,4.037,TREND_UP,NO TRADE,0.5448568518518518,0.45514314814814816,0.49,0.5,0.04990735690235687,-0.049907356902356925,NO_TRADE
2026-02-13T15:40:59.032Z,10.980,4.016,TREND_UP,NO TRADE,0.5446244444444445,0.45537555555555553,0.55,0.44,-0.010931111111111114,0.010931111111111058,NO_TRADE
2026-02-13T15:41:00.280Z,11.001,3.995,TREND_UP,NO TRADE,0.5443929629629629,0.4556070370370371,0.5709950248756219,0.42,-0.03179058038760696,0.031790580387606904,NO_TRADE
2026-02-13T15:41:02.184Z,11.021,3.964,TREND_UP,NO TRADE,0.5440405555555555,0.4559594444444445,0.59,0.4,-0.051919040404040384,0.051919040404040384,NO_TRADE
2026-02-13T15:41:03.862Z,11.053,3.936,TREND_UP,NO TRADE,0.5437296296296297,0.4562703703703703,0.62,0.37,-0.08253299663299662,0.08253299663299657,NO_TRADE
2026-02-13T15:41:05.122Z,11.081,3.915,TREND_UP,NO TRADE,0.5434962962962963,0.45650370370370374,0.61,0.38,-0.07266531986531988,0.07266531986531988,NO_TRADE
2026-02-13T15:41:06.385Z,11.102,3.894,TREND_UP,NO TRADE,0.5432625925925926,0.4567374074074074,0.59,0.4,-0.05269700336700334,0.05269700336700334,NO_TRADE
2026-02-13T15:41:07.627Z,11.123,3.873,TREND_UP,NO TRADE,0.5430324074074074,0.45696759259259256,0.58,0.41,-0.04282617845117842,0.04282617845117842,NO_TRADE
2026-02-13T15:41:08.871Z,11.144,3.852,TREND_UP,NO TRADE,0.542802037037037,0.457197962962963,0.61,0.38,-0.07335957912457913,0.07335957912457913,NO_TRADE
2026-02-13T15:41:10.114Z,11.165,3.831,TREND_UP,NO TRADE,0.542572037037037,0.45742796296296295,0.61,0.38,-0.07358957912457909,0.07358957912457909,NO_TRADE
2026-02-13T15:41:11.358Z,11.185,3.811,TREND_UP,NO TRADE,0.5423414814814814,0.4576585185185186,0.6,0.39,-0.06371912457912465,0.0637191245791246,NO_TRADE
2026-02-13T15:41:13.046Z,11.206,3.783,TREND_UP,NO TRADE,0.5420288888888889,0.4579711111111111,0.61,0.38,-0.07413272727272724,0.07413272727272724,NO_TRADE
2026-02-13T15:41:14.722Z,11.234,3.755,TREND_UP,NO TRADE,0.5417187037037037,0.4582812962962963,0.57,0.41,-0.039913949357520795,0.03991394935752085,NO_TRADE
2026-02-13T15:41:16.397Z,11.262,3.727,TREND_UP,NO TRADE,0.5414087037037036,0.45859129629629636,0.58,0.41,-0.044449882154882214,0.044449882154882214,NO_TRADE
2026-02-13T15:41:17.648Z,11.290,3.706,TREND_UP,NO TRADE,0.5411768518518518,0.4588231481481482,0.57,0.42,-0.034580723905723865,0.03458072390572392,NO_TRADE
2026-02-13T15:41:18.903Z,11.311,3.685,TREND_UP,NO TRADE,0.5409446296296296,0.45905537037037036,0.56,0.43,-0.02471193602693611,0.024711936026936,NO_TRADE
2026-02-13T15:41:20.137Z,11.332,3.664,TREND_UP,NO TRADE,0.5407159259259259,0.4592840740740741,0.56,0.43,-0.02494063973063987,0.024940639730639758,NO_TRADE
2026-02-13T15:41:21.393Z,11.353,3.643,TREND_UP,NO TRADE,0.5404831481481481,0.45951685185185187,0.57,0.42,-0.03527442760942756,0.03527442760942762,NO_TRADE
2026-02-13T15:41:22.642Z,11.373,3.623,TREND_UP,NO TRADE,0.5402518518518519,0.45974814814814813,0.58,0.41,-0.045606734006733984,0.045606734006733984,NO_TRADE
2026-02-13T15:41:23.887Z,11.394,3.602,TREND_UP,NO TRADE,0.5400214814814814,0.45997851851851856,0.6,0.39,-0.06603912457912464,0.06603912457912459,NO_TRADE
2026-02-13T15:41:25.138Z,11.415,3.581,TREND_UP,NO TRADE,0.5397896296296296,0.4602103703703704,0.59,0.4,-0.05616996632996629,0.05616996632996629,NO_TRADE
2026-02-13T15:41:26.380Z,11.436,3.560,TREND_UP,NO TRADE,0.53956,0.46043999999999996,0.61,0.38,-0.07660161616161609,0.07660161616161609,NO_TRADE
2026-02-13T15:41:27.658Z,11.456,3.539,TREND_UP,NO TRADE,0.5393233333333334,0.4606766666666666,0.62,0.37,-0.08693929292929292,0.08693929292929287,NO_TRADE
2026-02-13T15:41:28.908Z,11.478,3.518,TREND_UP,NO TRADE,0.5390914814814814,0.46090851851851855,0.62,0.37,-0.08717114478114485,0.0871711447811448,NO_TRADE
2026-02-13T15:41:30.146Z,11.498,3.498,TREND_UP,NO TRADE,0.5388620370370371,0.46113796296296294,0.5709950248756219,0.42,-0.037321506313532815,0.03732150631353276,NO_TRADE
2026-02-13T15:41:31.396Z,11.519,3.477,TREND_UP,NO TRADE,0.5386309259259259,0.4613690740740741,0.5,0.48,0.0284268442932728,-0.0284268442932728,NO_TRADE
2026-02-13T15:41:33.079Z,11.540,3.449,TREND_UP,NO TRADE,0.5383194444444445,0.46168055555555554,0.51,0.48,0.023167929292929323,-0.023167929292929323,NO_TRADE
2026-02-13T15:41:34.336Z,11.568,3.428,TREND_UP,NO TRADE,0.5380862962962963,0.46191370370370366,0.53,0.46,0.002732760942760981,-0.0027327609427610366,NO_TRADE
2026-02-13T15:41:35.586Z,11.589,3.407,TREND_UP,NO TRADE,0.5378548148148148,0.4621451851851852,0.53,0.46,0.0025012794612794265,-0.002501279461279482,NO_TRADE
2026-02-13T15:41:36.827Z,11.610,3.386,TREND_UP,NO TRADE,0.5376251851851852,0.4623748148148148,0.54,0.45,-0.00782936026936032,0.007829360269360208,NO_TRADE
2026-02-13T15:41:38.139Z,11.630,3.364,TREND_UP,NO TRADE,0.5373822222222222,0.4626177777777778,0.52,0.47,0.012129696969696901,-0.012129696969696957,NO_TRADE
2026-02-13T15:41:39.394Z,11.653,3.343,TREND_UP,NO TRADE,0.5371498148148148,0.46285018518518517,0.48,0.51,0.05230132996632997,-0.05230132996632997,NO_TRADE
2026-02-13T15:41:40.647Z,11.673,3.323,TREND_UP,NO TRADE,0.5369174074074073,0.46308259259259266,0.43,0.56,0.10257397306397298,-0.10257397306397309,NO_TRADE
2026-02-13T15:41:41.902Z,11.694,3.302,TREND_UP,NO TRADE,0.536685,0.46331500000000003,0.46,0.53,0.07203853535353527,-0.07203853535353533,NO_TRADE
2026-02-13T15:41:43.174Z,11.715,3.280,TREND_UP,NO TRADE,0.53645,0.46355,0.47,0.51,0.05685816326530613,-0.05685816326530613,NO_TRADE
2026-02-13T15:41:44.422Z,11.736,3.260,TREND_UP,NO TRADE,0.5362185185185185,0.46378148148148146,0.52,0.47,0.010965993265993235,-0.01096599326599329,NO_TRADE
2026-02-13T15:41:45.673Z,11.757,3.239,TREND_UP,NO TRADE,0.5359868518518518,0.4640131481481482,0.51,0.48,0.02083533670033666,-0.02083533670033666,NO_TRADE
2026-02-13T15:41:47.582Z,11.778,3.207,TREND_UP,NO TRADE,0.5356331481481481,0.4643668518518519,0.48,0.51,0.050784663299663246,-0.050784663299663246,NO_TRADE
2026-02-13T15:41:48.856Z,11.810,3.186,TREND_UP,NO TRADE,0.5353975925925926,0.46460240740740744,0.56,0.43,-0.030258973063973182,0.03025897306397307,NO_TRADE
2026-02-13T15:41:50.103Z,11.831,3.165,TREND_UP,NO TRADE,0.5351664814814815,0.4648335185185185,0.54,0.44,-0.01585392668178387,0.015853926681783814,NO_TRADE
2026-02-13T15:41:52.014Z,11.852,3.133,TREND_UP,NO TRADE,0.534812962962963,0.465187037037037,0.56,0.43,-0.030843602693602756,0.030843602693602645,NO_TRADE
2026-02-13T15:41:53.283Z,11.884,3.112,TREND_UP,NO TRADE,0.5345777777777778,0.4654222222222222,0.58,0.41,-0.05128080808080804,0.05128080808080804,NO_TRADE
2026-02-13T15:41:54.530Z,11.905,3.091,TREND_UP,NO TRADE,0.5343468518518518,0.4656531481481482,0.58,0.41,-0.05151173400673403,0.05151173400673403,NO_TRADE
2026-02-13T15:41:55.786Z,11.926,3.070,TREND_UP,NO TRADE,0.5341142592592593,0.46588574074074074,0.56,0.43,-0.031542306397306485,0.031542306397306374,NO_TRADE
2026-02-13T15:41:57.035Z,11.947,3.049,TREND_UP,NO TRADE,0.5338827777777778,0.4661172222222222,0.56,0.43,-0.03177378787878793,0.03177378787878782,NO_TRADE
2026-02-13T15:41:58.301Z,11.967,3.028,TREND_UP,NO TRADE,0.5336483333333333,0.4663516666666667,0.56,0.43,-0.032008232323232466,0.032008232323232355,NO_TRADE
2026-02-13T15:41:59.551Z,11.989,3.008,TREND_UP,NO TRADE,0.5334168518518518,0.46658314814814816,0.57,0.42,-0.042340723905723854,0.04234072390572391,NO_TRADE
2026-02-13T15:42:00.794Z,12.009,2.987,TREND_UP,NO TRADE,0.5331866666666667,0.4668133333333333,0.54,0.45,-0.012267878787878828,0.012267878787878717,NO_TRADE
2026-02-13T15:42:02.037Z,12.030,2.966,TREND_UP,NO TRADE,0.5329566666666666,0.46704333333333337,0.55,0.44,-0.022598888888888946,0.02259888888888889,NO_TRADE
2026-02-13T15:42:03.320Z,12.051,2.945,TREND_UP,NO TRADE,0.532719074074074,0.46728092592592596,0.61,0.38,-0.0834425420875421,0.0834425420875421,NO_TRADE
2026-02-13T15:42:04.565Z,12.072,2.924,TREND_UP,NO TRADE,0.5324885185185185,0.4675114814814815,0.63,0.35,-0.11036862433862438,0.11036862433862432,NO_TRADE
2026-02-13T15:42:05.820Z,12.093,2.903,TREND_UP,NO TRADE,0.532255925925926,0.46774407407407403,0.55,0.42,-0.034754383352424645,0.034754383352424534,NO_TRADE
2026-02-13T15:42:07.065Z,12.114,2.882,TREND_UP,NO TRADE,0.5320255555555555,0.46797444444444447,0.53,0.46,-0.00332797979797983,0.0033279797979797743,NO_TRADE
2026-02-13T15:42:08.338Z,12.134,2.861,TREND_UP,NO TRADE,0.5317896296296296,0.4682103703703704,0.53,0.46,-0.003563905723905747,0.0035639057239056915,NO_TRADE
2026-02-13T15:42:09.596Z,12.156,2.840,TREND_UP,NO TRADE,0.5315566666666667,0.4684433333333333,0.55,0.42,-0.03545364261168393,0.03545364261168382,NO_TRADE
2026-02-13T15:42:10.845Z,12.177,2.819,TREND_UP,NO TRADE,0.5313255555555556,0.4686744444444444,0.62,0.37,-0.09493707070707069,0.09493707070707064,NO_TRADE
2026-02-13T15:42:12.094Z,12.197,2.798,TREND_UP,NO TRADE,0.531094074074074,0.46890592592592595,0.66,0.33,-0.1355725925925927,0.13557259259259258,NO_TRADE
2026-02-13T15:42:13.361Z,12.218,2.777,TREND_UP,NO TRADE,0.5308592592592593,0.46914074074074075,0.6709950248756219,0.31,-0.1531350606514822,0.1531350606514822,NO_TRADE
2026-02-13T15:42:14.608Z,12.239,2.757,TREND_UP,NO TRADE,0.5306287037037037,0.46937129629629626,0.66,0.33,-0.136037962962963,0.1360379629629629,NO_TRADE
2026-02-13T15:42:15.849Z,12.260,2.736,TREND_UP,NO TRADE,0.5303988888888889,0.46960111111111114,0.68,0.31,-0.1564697979797981,0.156469797979798,NO_TRADE
2026-02-13T15:42:17.106Z,12.281,2.715,TREND_UP,NO TRADE,0.5301661111111111,0.4698338888888889,0.65,0.34,-0.12639954545454546,0.1263995454545454,NO_TRADE
2026-02-13T15:42:18.382Z,12.302,2.694,TREND_UP,NO TRADE,0.5299296296296296,0.47007037037037036,0.69,0.3,-0.16704006734006727,0.16704006734006732,NO_TRADE
2026-02-13T15:42:19.631Z,12.323,2.673,TREND_UP,NO TRADE,0.5296983333333333,0.47030166666666673,0.7,0.29,-0.1773723737373738,0.1773723737373738,NO_TRADE
2026-02-13T15:42:20.884Z,12.344,2.652,TREND_UP,NO TRADE,0.5294662962962963,0.47053370370370373,0.7009950248756219,0.29,-0.17789853125528776,0.17789853125528765,NO_TRADE
2026-02-13T15:42:22.243Z,12.365,2.629,TREND_UP,NO TRADE,0.529215,0.470785,0.64,0.35,-0.11724964646464653,0.11724964646464647,NO_TRADE
2026-02-13T15:42:23.498Z,12.388,2.608,TREND_UP,NO TRADE,0.5289822222222222,0.47101777777777776,0.64,0.35,-0.11748242424242428,0.11748242424242422,NO_TRADE
2026-02-13T15:42:24.756Z,12.409,2.587,TREND_UP,NO TRADE,0.5287492592592592,0.4712507407407408,0.65,0.34,-0.12781639730639738,0.12781639730639732,NO_TRADE
2026-02-13T15:42:26.005Z,12.429,2.567,TREND_UP,NO TRADE,0.5285179629629629,0.47148203703703706,0.63,0.36,-0.10784567340067341,0.10784567340067341,NO_TRADE
2026-02-13T15:42:27.253Z,12.450,2.546,TREND_UP,NO TRADE,0.5282868518518519,0.47171314814814813,0.58,0.41,-0.05757173400673399,0.05757173400673399,NO_TRADE
2026-02-13T15:42:28.508Z,12.471,2.525,TREND_UP,NO TRADE,0.5280546296296296,0.47194537037037043,0.6,0.39,-0.07800597643097651,0.07800597643097645,NO_TRADE
2026-02-13T15:42:29.759Z,12.492,2.504,TREND_UP,NO TRADE,0.5278227777777778,0.47217722222222225,0.61,0.38,-0.08833883838383838,0.08833883838383838,NO_TRADE
2026-02-13T15:42:31.007Z,12.513,2.483,TREND_UP,NO TRADE,0.5275916666666667,0.4724083333333333,0.61,0.38,-0.08856994949494945,0.08856994949494945,NO_TRADE
2026-02-13T15:42:32.265Z,12.534,2.462,TREND_UP,NO TRADE,0.5273588888888889,0.47264111111111107,0.57,0.42,-0.04839868686868676,0.04839868686868681,NO_TRADE
2026-02-13T15:42:33.513Z,12.555,2.442,TREND_UP,NO TRADE,0.5271277777777778,0.47287222222222225,0.58,0.41,-0.058730808080808106,0.058730808080808106,NO_TRADE
2026-02-13T15:42:34.758Z,12.575,2.421,TREND_UP,NO TRADE,0.526897037037037,0.47310296296296295,0.62,0.37,-0.09936558922558925,0.09936558922558919,NO_TRADE
2026-02-13T15:42:35.999Z,12.596,2.400,TREND_UP,NO TRADE,0.5266672222222222,0.4733327777777778,0.61,0.38,-0.08949439393939396,0.08949439393939396,NO_TRADE
2026-02-13T15:42:37.241Z,12.617,2.379,TREND_UP,NO TRADE,0.526437037037037,0.47356296296296296,0.6,0.39,-0.07962356902356904,0.07962356902356899,NO_TRADE
2026-02-13T15:42:38.485Z,12.637,2.359,TREND_UP,NO TRADE,0.5262070370370371,0.4737929629629629,0.58,0.41,-0.05965154882154877,0.05965154882154877,NO_TRADE
2026-02-13T15:42:39.748Z,12.658,2.338,TREND_UP,NO TRADE,0.5259729629629629,0.4740270370370371,0.58,0.41,-0.059885622895622936,0.059885622895622936,NO_TRADE
2026-02-13T15:42:41.001Z,12.679,2.317,TREND_UP,NO TRADE,0.5257411111111111,0.4742588888888889,0.54,0.43,-0.03095991981672397,0.03095991981672397,NO_TRADE
2026-02-13T15:42:42.256Z,12.700,2.296,TREND_UP,NO TRADE,0.5255088888888889,0.4744911111111111,0.52,0.47,0.00025636363636361015,-0.00025636363636366566,NO_TRADE
2026-02-13T15:42:43.499Z,12.721,2.275,TREND_UP,NO TRADE,0.5252783333333333,0.4747216666666667,0.53,0.46,-0.010075202020202068,0.010075202020202012,NO_TRADE
2026-02-13T15:42:44.754Z,12.742,2.254,TREND_UP,NO TRADE,0.5250461111111111,0.4749538888888889,0.62,0.37,-0.1012165151515152,0.10121651515151514,NO_TRADE
2026-02-13T15:42:46.000Z,12.763,2.233,TREND_UP,NO TRADE,0.5248151851851852,0.4751848148148148,0.62,0.37,-0.10144744107744108,0.10144744107744103,NO_TRADE
2026-02-13T15:42:47.251Z,12.784,2.213,TREND_UP,NO TRADE,0.5245835185185185,0.4754164814814815,0.59,0.4,-0.07137607744107743,0.07137607744107743,NO_TRADE
2026-02-13T15:42:48.494Z,12.804,2.192,TREND_UP,NO TRADE,0.5243533333333333,0.47564666666666666,0.59,0.4009950248756219,-0.07100787957896149,0.07100787957896143,NO_TRADE
2026-02-13T15:42:49.977Z,12.825,2.167,TREND_UP,NO TRADE,0.5240790740740741,0.47592092592592594,0.6,0.39,-0.08198153198653202,0.08198153198653196,NO_TRADE
2026-02-13T15:42:51.219Z,12.850,2.146,TREND_UP,NO TRADE,0.5238488888888889,0.4761511111111111,0.56,0.41,-0.05347069873997712,0.05347069873997706,NO_TRADE
2026-02-13T15:42:52.475Z,12.871,2.125,TREND_UP,NO TRADE,0.5236161111111111,0.47638388888888894,0.51,0.48,0.008464595959595922,-0.008464595959595922,NO_TRADE
2026-02-13T15:42:53.737Z,12.892,2.104,TREND_UP,NO TRADE,0.5233827777777778,0.47661722222222225,0.49,0.5,0.02843328282828278,-0.028433282828282835,NO_TRADE
2026-02-13T15:42:54.985Z,12.912,2.084,TREND_UP,NO TRADE,0.5231514814814815,0.4768485185185185,0.4309950248756219,0.55,0.08380672034952086,-0.08380672034952086,NO_TRADE
2026-02-13T15:42:56.231Z,12.933,2.063,TREND_UP,NO TRADE,0.5229205555555555,0.4770794444444445,0.55,0.44,-0.03263500000000008,0.032635000000000025,NO_TRADE
2026-02-13T15:42:57.488Z,12.954,2.042,TREND_UP,NO TRADE,0.5226879629629629,0.47731203703703706,0.55,0.44,-0.03286759259259264,0.03286759259259259,NO_TRADE
2026-02-13T15:42:58.745Z,12.975,2.021,TREND_UP,NO TRADE,0.522455,0.477545,0.55,0.44,-0.03310055555555558,0.03310055555555552,NO_TRADE
2026-02-13T15:42:59.999Z,12.996,2.000,TREND_UP,NO TRADE,0.5222227777777778,0.4777772222222222,0.55,0.44,-0.03333277777777777,0.03333277777777771,NO_TRADE
2026-02-13T15:43:01.472Z,13.017,1.976,TREND_UP,NO TRADE,0.5219501851851852,0.4780498148148148,0.55,0.44,-0.03360537037037037,0.03360537037037031,NO_TRADE
2026-02-13T15:43:02.723Z,13.041,1.955,TREND_UP,NO TRADE,0.5217185185185185,0.47828148148148153,0.55,0.44,-0.03383703703703711,0.033837037037037054,NO_TRADE
2026-02-13T15:43:03.966Z,13.062,1.934,TREND_UP,NO TRADE,0.5214881481481481,0.47851185185185185,0.55,0.44,-0.034067407407407435,0.03406740740740738,NO_TRADE
2026-02-13T15:43:05.221Z,13.083,1.913,TREND_UP,NO TRADE,0.521255925925926,0.47874407407407404,0.55,0.44,-0.034299629629629624,0.03429962962962957,NO_TRADE
2026-02-13T15:43:06.477Z,13.104,1.892,TREND_UP,NO TRADE,0.5210233333333333,0.4789766666666667,0.55,0.44,-0.0345322222222223,0.03453222222222224,NO_TRADE
2026-02-13T15:43:07.720Z,13.125,1.871,TREND_UP,NO TRADE,0.520792962962963,0.47920703703703704,0.55,0.44,-0.03476259259259262,0.03476259259259257,NO_TRADE
2026-02-13T15:43:08.973Z,13.146,1.850,TREND_UP,NO TRADE,0.520560925925926,0.47943907407407405,0.55,0.44,-0.034994629629629626,0.03499462962962957,NO_TRADE
2026-02-13T15:43:10.213Z,13.166,1.830,TREND_UP,NO TRADE,0.5203314814814815,0.47966851851851855,0.55,0.44,-0.03522407407407413,0.035224074074074074,NO_TRADE
2026-02-13T15:43:11.460Z,13.187,1.809,TREND_UP,NO TRADE,0.5201003703703704,0.4798996296296296,0.55,0.44,-0.0354551851851852,0.035455185185185145,NO_TRADE
2026-02-13T15:43:12.711Z,13.208,1.788,TREND_UP,NO TRADE,0.5198688888888889,0.48013111111111106,0.55,0.44,-0.035686666666666644,0.03568666666666659,NO_TRADE
2026-02-13T15:43:13.976Z,13.229,1.767,TREND_UP,NO TRADE,0.5196346296296296,0.4803653703703704,0.55,0.44,-0.035920925925925995,0.03592092592592594,NO_TRADE
2026-02-13T15:43:15.652Z,13.250,1.739,TREND_UP,NO TRADE,0.5193240740740741,0.4806759259259259,0.55,0.44,-0.036231481481481476,0.03623148148148142,NO_TRADE
2026-02-13T15:43:16.908Z,13.278,1.718,TREND_UP,NO TRADE,0.5190914814814814,0.48090851851851857,0.55,0.44,-0.03646407407407415,0.03646407407407409,NO_TRADE
2026-02-13T15:43:18.190Z,13.299,1.697,TREND_UP,NO TRADE,0.5188542592592592,0.4811457407407408,0.55,0.44,-0.03670129629629637,0.036701296296296315,NO_TRADE
2026-02-13T15:43:19.440Z,13.320,1.676,TREND_UP,NO TRADE,0.5186227777777778,0.48137722222222223,0.55,0.44,-0.036932777777777814,0.03693277777777776,NO_TRADE
2026-02-13T15:43:20.682Z,13.341,1.655,TREND_UP,NO TRADE,0.5183925925925926,0.4816074074074074,0.55,0.44,-0.03716296296296295,0.0371629629629629,NO_TRADE
2026-02-13T15:43:22.373Z,13.361,1.627,TREND_UP,NO TRADE,0.5180796296296296,0.4819203703703704,0.55,0.44,-0.03747592592592597,0.03747592592592591,NO_TRADE
2026-02-13T15:43:23.630Z,13.390,1.606,TREND_UP,NO TRADE,0.5178468518518519,0.48215314814814814,0.55,0.44,-0.037708703703703716,0.03770870370370366,NO_TRADE
2026-02-13T15:43:24.875Z,13.411,1.585,TREND_UP,NO TRADE,0.5176162962962962,0.48238370370370376,0.55,0.44,-0.03793925925925934,0.037939259259259284,NO_TRADE
2026-02-13T15:43:26.126Z,13.431,1.565,TREND_UP,NO TRADE,0.5173846296296296,0.4826153703703704,0.55,0.44,-0.03817092592592597,0.038170925925925914,NO_TRADE
2026-02-13T15:43:27.371Z,13.452,1.544,TREND_UP,NO TRADE,0.5171542592592593,0.4828457407407407,0.55,0.44,-0.038401296296296294,0.03840129629629624,NO_TRADE
2026-02-13T15:43:29.057Z,13.473,1.516,TREND_UP,NO TRADE,0.516842037037037,0.483157962962963,0.55,0.44,-0.038713518518518564,0.03871351851851851,NO_TRADE
2026-02-13T15:43:30.299Z,13.501,1.495,TREND_UP,NO TRADE,0.5166116666666667,0.4833883333333333,0.55,0.44,-0.03894388888888889,0.038943888888888833,NO_TRADE
2026-02-13T15:43:31.542Z,13.522,1.474,TREND_UP,NO TRADE,0.5163816666666666,0.4836183333333334,0.55,0.44,-0.03917388888888895,0.0391738888888889,NO_TRADE
2026-02-13T15:43:32.784Z,13.542,1.454,TREND_UP,NO TRADE,0.5161516666666667,0.4838483333333333,0.55,0.44,-0.039403888888888905,0.03940388888888885,NO_TRADE
2026-02-13T15:43:34.053Z,13.563,1.432,TREND_UP,NO TRADE,0.5159164814814815,0.4840835185185185,0.55,0.44,-0.03963907407407408,0.03963907407407402,NO_TRADE
2026-02-13T15:43:35.300Z,13.584,1.412,TREND_UP,NO TRADE,0.5156857407407407,0.4843142592592593,0.55,0.44,-0.039869814814814886,0.03986981481481483,NO_TRADE
2026-02-13T15:43:36.555Z,13.605,1.391,TREND_UP,NO TRADE,0.5154533333333333,0.4845466666666667,0.55,0.44,-0.04010222222222226,0.040102222222222206,NO_TRADE
2026-02-13T15:43:37.811Z,13.626,1.370,TREND_UP,NO TRADE,0.5152209259259259,0.48477907407407406,0.55,0.44,-0.04033462962962964,0.04033462962962958,NO_TRADE
2026-02-13T15:43:39.053Z,13.647,1.349,TREND_UP,NO TRADE,0.5149903703703703,0.4850096296296297,0.55,0.44,-0.04056518518518526,0.040565185185185204,NO_TRADE
2026-02-13T15:43:40.310Z,13.668,1.328,TREND_UP,NO TRADE,0.5088547777777778,0.49114522222222223,0.55,0.44,-0.04670077777777781,0.04670077777777776,NO_TRADE
2026-02-13T15:43:41.560Z,13.689,1.307,TREND_UP,NO TRADE,0.5087157777777778,0.49128422222222223,0.55,0.44,-0.046839777777777813,0.04683977777777776,NO_TRADE
2026-02-13T15:43:42.806Z,13.709,1.287,TREND_UP,NO TRADE,0.5085774444444444,0.4914225555555556,0.55,0.44,-0.046978111111111165,0.04697811111111111,NO_TRADE
2026-02-13T15:43:44.088Z,13.730,1.265,TREND_UP,NO TRADE,0.5084348888888889,0.4915651111111111,0.55,0.44,-0.0471206666666667,0.047120666666666644,NO_TRADE
2026-02-13T15:43:45.340Z,13.752,1.244,TREND_UP,NO TRADE,0.5082957777777778,0.4917042222222222,0.55,0.44,-0.04725977777777779,0.047259777777777734,NO_TRADE
2026-02-13T15:43:46.582Z,13.772,1.224,TREND_UP,NO TRADE,0.5081577777777778,0.4918422222222222,0.55,0.44,-0.04739777777777776,0.047397777777777705,NO_TRADE
2026-02-13T15:43:47.837Z,13.793,1.203,TREND_UP,NO TRADE,0.5080184444444444,0.49198155555555556,0.55,0.44,-0.04753711111111114,0.047537111111111086,NO_TRADE
2026-02-13T15:43:49.112Z,13.814,1.182,TREND_UP,NO TRADE,0.5078767777777777,0.49212322222222227,0.55,0.44,-0.04767877777777785,0.04767877777777779,NO_TRADE
2026-02-13T15:43:50.360Z,13.835,1.161,TREND_UP,NO TRADE,0.5077381111111111,0.4922618888888889,0.55,0.44,-0.04781744444444447,0.04781744444444441,NO_TRADE
2026-02-13T15:43:51.607Z,13.856,1.140,TREND_UP,NO TRADE,0.5075994444444445,0.4924005555555555,0.55,0.44,-0.04795611111111109,0.04795611111111103,NO_TRADE
2026-02-13T15:43:52.849Z,13.877,1.119,TREND_UP,NO TRADE,0.5074616666666667,0.4925383333333333,0.55,0.44,-0.04809388888888888,0.048093888888888825,NO_TRADE
2026-02-13T15:43:54.140Z,13.898,1.098,TREND_UP,NO TRADE,0.5073183333333333,0.4926816666666667,0.55,0.44,-0.048237222222222265,0.04823722222222221,NO_TRADE
2026-02-13T15:43:55.391Z,13.919,1.077,TREND_UP,NO TRADE,0.5071791111111111,0.49282088888888886,0.55,0.44,-0.048376444444444444,0.04837644444444439,NO_TRADE
2026-02-13T15:43:56.631Z,13.940,1.056,TREND_UP,NO TRADE,0.5070412222222223,0.49295877777777775,0.55,0.44,-0.048514333333333326,0.04851433333333327,NO_TRADE
2026-02-13T15:43:57.876Z,13.961,1.035,TREND_UP,NO TRADE,0.506903,0.493097,0.55,0.44,-0.04865255555555559,0.04865255555555553,NO_TRADE
2026-02-13T15:43:59.168Z,13.982,1.014,TREND_UP,NO TRADE,0.5,0.5,0.55,0.44,-0.05555555555555558,0.055555555555555525,NO_TRADE
2026-02-13T15:44:00.413Z,14.003,0.993,TREND_UP,NO TRADE,0.506621,0.493379,0.55,0.44,-0.04893455555555559,0.04893455555555554,NO_TRADE
2026-02-13T15:44:01.662Z,14.024,0.972,TREND_UP,NO TRADE,0.5,0.5,0.55,0.44,-0.05555555555555558,0.055555555555555525,NO_TRADE
2026-02-13T15:44:03.346Z,14.044,0.944,TREND_UP,NO TRADE,0.5,0.5,0.55,0.44,-0.05555555555555558,0.055555555555555525,NO_TRADE
2026-02-13T15:44:04.632Z,14.073,0.923,TREND_UP,NO TRADE,0.5,0.5,0.55,0.44,-0.05555555555555558,0.055555555555555525,NO_TRADE
2026-02-13T15:44:05.882Z,14.094,0.902,TREND_UP,NO TRADE,0.5,0.5,0.55,0.44,-0.05555555555555558,0.055555555555555525,NO_TRADE
2026-02-13T15:44:07.128Z,14.115,0.881,TREND_UP,NO TRADE,0.5,0.5,0.55,0.44,-0.05555555555555558,0.055555555555555525,NO_TRADE
2026-02-13T15:44:08.368Z,14.135,0.861,TREND_UP,NO TRADE,0.5,0.5,0.55,0.44,-0.05555555555555558,0.055555555555555525,NO_TRADE
2026-02-13T15:44:09.611Z,14.156,0.840,TREND_UP,NO TRADE,0.5,0.5,0.55,0.44,-0.05555555555555558,0.055555555555555525,NO_TRADE
2026-02-13T15:44:10.851Z,14.177,0.819,TREND_UP,NO TRADE,0.5,0.5,0.55,0.44,-0.05555555555555558,0.055555555555555525,NO_TRADE
2026-02-13T15:44:12.092Z,14.198,0.798,TREND_UP,NO TRADE,0.5,0.5,0.55,0.44,-0.05555555555555558,0.055555555555555525,NO_TRADE
2026-02-13T15:44:13.338Z,14.218,0.778,TREND_UP,NO TRADE,0.5,0.5,0.55,0.44,-0.05555555555555558,0.055555555555555525,NO_TRADE
2026-02-13T15:44:14.585Z,14.239,0.757,TREND_UP,NO TRADE,0.5,0.5,0.55,0.44,-0.05555555555555558,0.055555555555555525,NO_TRADE
2026-02-13T15:44:16.260Z,14.260,0.729,TREND_UP,NO TRADE,0.5,0.5,0.55,0.44,-0.05555555555555558,0.055555555555555525,NO_TRADE
2026-02-13T15:44:17.949Z,14.288,0.701,TREND_UP,NO TRADE,0.5,0.5,0.55,0.44,-0.05555555555555558,0.055555555555555525,NO_TRADE
2026-02-13T15:44:19.202Z,14.316,0.680,TREND_UP,NO TRADE,0.5,0.5,0.55,0.44,-0.05555555555555558,0.055555555555555525,NO_TRADE
2026-02-13T15:44:20.452Z,14.337,0.659,TREND_UP,NO TRADE,0.5,0.5,0.55,0.44,-0.05555555555555558,0.055555555555555525,NO_TRADE
2026-02-13T15:44:21.711Z,14.358,0.638,TREND_UP,NO TRADE,0.5,0.5,0.55,0.44,-0.05555555555555558,0.055555555555555525,NO_TRADE
2026-02-13T15:44:22.952Z,14.379,0.618,TREND_UP,NO TRADE,0.5,0.5,0.55,0.44,-0.05555555555555558,0.055555555555555525,NO_TRADE
2026-02-13T15:44:24.195Z,14.399,0.597,TREND_UP,NO TRADE,0.5,0.5,0.55,0.44,-0.05555555555555558,0.055555555555555525,NO_TRADE
2026-02-13T15:44:25.888Z,14.420,0.569,TREND_UP,NO TRADE,0.5,0.5,0.55,0.44,-0.05555555555555558,0.055555555555555525,NO_TRADE
2026-02-13T15:44:27.150Z,14.449,0.548,TREND_UP,NO TRADE,0.5,0.5,0.55,0.44,-0.05555555555555558,0.055555555555555525,NO_TRADE
2026-02-13T15:44:28.399Z,14.469,0.527,TREND_UP,NO TRADE,0.5,0.5,0.55,0.44,-0.05555555555555558,0.055555555555555525,NO_TRADE
2026-02-13T15:44:29.657Z,14.490,0.506,TREND_UP,NO TRADE,0.5,0.5,0.55,0.44,-0.05555555555555558,0.055555555555555525,NO_TRADE
2026-02-13T15:44:30.899Z,14.511,0.485,TREND_UP,NO TRADE,0.5,0.5,0.55,0.44,-0.05555555555555558,0.055555555555555525,NO_TRADE
2026-02-13T15:44:32.136Z,14.532,0.464,TREND_UP,NO TRADE,0.5,0.5,0.55,0.44,-0.05555555555555558,0.055555555555555525,NO_TRADE
2026-02-13T15:44:33.410Z,14.552,0.443,TREND_UP,NO TRADE,0.5,0.5,0.55,0.44,-0.05555555555555558,0.055555555555555525,NO_TRADE
2026-02-13T15:44:34.952Z,14.574,0.418,TREND_UP,NO TRADE,0.5,0.5,0.55,0.44,-0.05555555555555558,0.055555555555555525,NO_TRADE
2026-02-13T15:44:36.202Z,14.599,0.397,TREND_UP,NO TRADE,0.5,0.5,0.55,0.44,-0.05555555555555558,0.055555555555555525,NO_TRADE
2026-02-13T15:44:37.460Z,14.620,0.376,TREND_UP,NO TRADE,0.5,0.5,0.55,0.44,-0.05555555555555558,0.055555555555555525,NO_TRADE
2026-02-13T15:44:38.710Z,14.641,0.355,TREND_UP,NO TRADE,0.5,0.5,0.55,0.44,-0.05555555555555558,0.055555555555555525,NO_TRADE
2026-02-13T15:44:40.394Z,14.662,0.327,TREND_UP,NO TRADE,0.5,0.5,0.55,0.44,-0.05555555555555558,0.055555555555555525,NO_TRADE
2026-02-13T15:44:41.652Z,14.690,0.306,TREND_UP,NO TRADE,0.5,0.5,0.55,0.44,-0.05555555555555558,0.055555555555555525,NO_TRADE
2026-02-13T15:44:42.910Z,14.711,0.285,TREND_UP,NO TRADE,0.5,0.5,0.55,0.44,-0.05555555555555558,0.055555555555555525,NO_TRADE
2026-02-13T15:44:44.165Z,14.732,0.264,TREND_UP,NO TRADE,0.5,0.5,0.55,0.44,-0.05555555555555558,0.055555555555555525,NO_TRADE
2026-02-13T15:44:45.420Z,14.753,0.243,TREND_UP,NO TRADE,0.5,0.5,0.55,0.44,-0.05555555555555558,0.055555555555555525,NO_TRADE
2026-02-13T15:44:46.670Z,14.774,0.222,TREND_UP,NO TRADE,0.5,0.5,0.55,0.44,-0.05555555555555558,0.055555555555555525,NO_TRADE
2026-02-13T15:44:47.916Z,14.795,0.201,TREND_UP,NO TRADE,0.5,0.5,0.55,0.44,-0.05555555555555558,0.055555555555555525,NO_TRADE
2026-02-13T15:44:49.160Z,14.815,0.181,TREND_UP,NO TRADE,0.5,0.5,0.55,0.44,-0.05555555555555558,0.055555555555555525,NO_TRADE
2026-02-13T15:44:50.416Z,14.836,0.160,TREND_UP,NO TRADE,0.5,0.5,0.55,0.44,-0.05555555555555558,0.055555555555555525,NO_TRADE
2026-02-13T15:44:51.658Z,14.857,0.139,TREND_UP,NO TRADE,0.5,0.5,0.55,0.44,-0.05555555555555558,0.055555555555555525,NO_TRADE
2026-02-13T15:44:52.928Z,14.878,0.118,TREND_UP,NO TRADE,0.5,0.5,0.55,0.44,-0.05555555555555558,0.055555555555555525,NO_TRADE
2026-02-13T15:44:54.173Z,14.899,0.097,TREND_UP,NO TRADE,0.5,0.5,0.55,0.44,-0.05555555555555558,0.055555555555555525,NO_TRADE
2026-02-13T15:44:55.418Z,14.920,0.076,TREND_UP,NO TRADE,0.5,0.5,0.55,0.44,-0.05555555555555558,0.055555555555555525,NO_TRADE
2026-02-13T15:44:56.671Z,14.941,0.056,TREND_UP,NO TRADE,0.5,0.5,0.55,0.44,-0.05555555555555558,0.055555555555555525,NO_TRADE
2026-02-13T15:44:57.917Z,14.961,0.035,TREND_UP,NO TRADE,0.5,0.5,0.55,0.44,-0.05555555555555558,0.055555555555555525,NO_TRADE
2026-02-13T15:44:59.172Z,14.982,0.014,TREND_UP,NO TRADE,0.5,0.5,0.55,0.44,-0.05555555555555558,0.055555555555555525,NO_TRADE
2026-02-13T15:45:00.427Z,0.003,14.993,TREND_UP,NO TRADE,0.5,0.5,0.47,0.52,0.02525252525252525,-0.025252525252525304,NO_TRADE
2026-02-13T15:45:02.052Z,0.024,14.966,TREND_UP,NO TRADE,0.5,0.5,0.47,0.52,0.02525252525252525,-0.025252525252525304,NO_TRADE
2026-02-13T15:45:03.404Z,0.051,14.943,TREND_UP,NO TRADE,0.5,0.5,0.47,0.52,0.02525252525252525,-0.025252525252525304,NO_TRADE
2026-02-13T15:45:04.644Z,0.073,14.923,TREND_UP,BUY UP,0.5994842222222222,0.4005157777777778,0.47,0.52,0.12473674747474744,-0.1247367474747475,UP:EARLY:GOOD
2026-02-13T15:45:05.887Z,0.094,14.902,TREND_UP,BUY UP,0.5993462222222222,0.4006537777777778,0.47,0.52,0.12459874747474747,-0.12459874747474753,UP:EARLY:GOOD
2026-02-13T15:45:07.137Z,0.115,14.881,TREND_UP,BUY UP,0.5992073333333333,0.4007926666666667,0.47,0.52,0.12445985858585856,-0.12445985858585862,UP:EARLY:GOOD
2026-02-13T15:45:08.387Z,0.136,14.860,TREND_UP,BUY UP,0.5990684444444444,0.4009315555555556,0.47,0.52,0.12432096969696965,-0.12432096969696971,UP:EARLY:GOOD
2026-02-13T15:45:09.629Z,0.156,14.840,TREND_UP,BUY UP,0.5989304444444444,0.40106955555555557,0.48,0.51,0.11408195959595957,-0.11408195959595957,UP:EARLY:OPTIONAL
2026-02-13T15:45:10.876Z,0.177,14.819,TREND_UP,BUY UP,0.5987917777777778,0.4012082222222222,0.47,0.52,0.12404430303030306,-0.12404430303030312,UP:EARLY:GOOD
2026-02-13T15:45:12.125Z,0.198,14.798,TREND_UP,BUY UP,0.598653,0.401347,0.46,0.52,0.12926524489795915,-0.1292652448979592,UP:EARLY:GOOD
2026-02-13T15:45:13.806Z,0.219,14.770,TREND_UP,NO TRADE,0.5,0.5,0.49,0.5,0.0050505050505050275,-0.005050505050505083,NO_TRADE
2026-02-13T15:45:15.059Z,0.247,14.749,TREND_UP,NO TRADE,0.5,0.5,0.48,0.46,-0.010638297872340385,0.010638297872340385,NO_TRADE
2026-02-13T15:45:16.309Z,0.268,14.728,TREND_UP,NO TRADE,0.5,0.5,0.5,0.47,-0.015463917525773252,0.015463917525773196,NO_TRADE
2026-02-13T15:45:17.558Z,0.289,14.707,TREND_UP,NO TRADE,0.5,0.5,0.49,0.5,0.0050505050505050275,-0.005050505050505083,NO_TRADE
2026-02-13T15:45:18.818Z,0.310,14.686,TREND_UP,NO TRADE,0.5,0.5,0.5,0.49,-0.005050505050505083,0.0050505050505050275,NO_TRADE
2026-02-13T15:45:20.072Z,0.330,14.666,TREND_UP,NO TRADE,0.5,0.5,0.49,0.5,0.0050505050505050275,-0.005050505050505083,NO_TRADE
2026-02-13T15:45:21.312Z,0.351,14.645,TREND_UP,NO TRADE,0.5,0.5,0.49,0.5,0.0050505050505050275,-0.005050505050505083,NO_TRADE
2026-02-13T15:45:23.001Z,0.372,14.617,TREND_UP,NO TRADE,0.5,0.5,0.49,0.5,0.0050505050505050275,-0.005050505050505083,NO_TRADE
2026-02-13T15:45:24.252Z,0.400,14.596,TREND_UP,NO TRADE,0.5,0.5,0.4909950248756219,0.5,0.004543400773131145,-0.004543400773131201,NO_TRADE
2026-02-13T15:45:25.497Z,0.421,14.575,TREND_UP,NO TRADE,0.5,0.5,0.49,0.5,0.0050505050505050275,-0.005050505050505083,NO_TRADE
2026-02-13T15:45:26.755Z,0.442,14.554,TREND_UP,NO TRADE,0.5,0.5,0.49,0.5,0.0050505050505050275,-0.005050505050505083,NO_TRADE
2026-02-13T15:45:28.000Z,0.463,14.533,TREND_UP,NO TRADE,0.5,0.5,0.49,0.5009950248756219,0.005547467242331461,-0.005547467242331461,NO_TRADE
2026-02-13T15:45:29.250Z,0.483,14.513,TREND_UP,NO TRADE,0.5,0.5,0.48,0.51,0.015151515151515138,-0.015151515151515138,NO_TRADE
2026-02-13T15:45:30.493Z,0.504,14.492,TREND_UP,NO TRADE,0.5,0.5,0.47,0.52,0.02525252525252525,-0.025252525252525304,NO_TRADE
2026-02-13T15:45:31.743Z,0.525,14.471,TREND_UP,NO TRADE,0.5,0.5,0.47,0.52,0.02525252525252525,-0.025252525252525304,NO_TRADE
2026-02-13T15:45:32.990Z,0.546,14.450,TREND_UP,NO TRADE,0.5,0.5,0.47,0.52,0.02525252525252525,-0.025252525252525304,NO_TRADE
2026-02-13T15:45:34.667Z,0.567,14.422,TREND_UP,NO TRADE,0.5,0.5,0.45,0.53,0.040816326530612235,-0.04081632653061229,NO_TRADE
2026-02-13T15:45:35.929Z,0.595,14.401,TREND_UP,NO TRADE,0.5,0.5,0.46,0.53,0.035353535353535304,-0.03535353535353536,NO_TRADE
2026-02-13T15:45:37.186Z,0.616,14.380,TREND_UP,NO TRADE,0.5,0.5,0.46,0.53,0.035353535353535304,-0.03535353535353536,NO_TRADE
2026-02-13T15:45:38.427Z,0.636,14.360,TREND_UP,NO TRADE,0.5,0.5,0.45,0.54,0.045454545454545414,-0.045454545454545525,NO_TRADE
2026-02-13T15:45:39.669Z,0.657,14.339,TREND_UP,NO TRADE,0.5,0.5,0.43,0.55,0.06122448979591838,-0.061224489795918435,NO_TRADE
2026-02-13T15:45:40.916Z,0.678,14.318,TREND_UP,NO TRADE,0.5,0.5,0.42,0.57,0.07575757575757575,-0.07575757575757569,NO_TRADE
2026-02-13T15:45:42.156Z,0.699,14.297,TREND_UP,NO TRADE,0.5,0.5,0.4,0.59,0.09595959595959591,-0.09595959595959591,NO_TRADE
2026-02-13T16:24:15.632Z,9.237,5.740,TREND_UP,NO TRADE,0.5646255499814196,0.43537445001858044,0.19,0.8,0.3727063580622276,-0.37270635806222774,NO_TRADE
2026-02-13T16:24:16.936Z,9.277,5.718,TREND_UP,NO TRADE,0.5643806503158677,0.4356193496841323,0.19,0.8,0.37246145839667577,-0.3724614583966759,NO_TRADE
2026-02-13T16:24:18.298Z,9.299,5.695,TREND_UP,NO TRADE,0.5641250538833148,0.4358749461166852,0.19,0.8,0.37220586196412286,-0.372205861964123,NO_TRADE
2026-02-13T16:24:19.538Z,9.322,5.674,TREND_UP,NO TRADE,0.5638925399479747,0.4361074600520253,0.19,0.8,0.3719733480287828,-0.3719733480287829,NO_TRADE
2026-02-13T16:24:20.781Z,9.342,5.654,TREND_UP,NO TRADE,0.5636592753623189,0.43634072463768114,0.19,0.8,0.3717400834431269,-0.37174008344312703,NO_TRADE
2026-02-13T16:24:22.025Z,9.363,5.633,TREND_UP,NO TRADE,0.563425823114084,0.43657417688591604,0.19,0.8,0.371506631194892,-0.37150663119489213,NO_TRADE
2026-02-13T16:24:23.268Z,9.384,5.612,TREND_UP,NO TRADE,0.5642195854063018,0.4357804145936982,0.18,0.81,0.38240140358811997,-0.38240140358812,NO_TRADE
2026-02-13T16:24:24.513Z,9.405,5.592,TREND_UP,NO TRADE,0.5629591062801932,0.4370408937198068,0.19,0.8,0.37103991436100126,-0.37103991436100137,NO_TRADE
2026-02-13T16:24:25.760Z,9.425,5.571,TREND_UP,BUY UP,0.6326357142857143,0.3673642857142857,0.21,0.78,0.42051450216450215,-0.42051450216450226,UP:MID:GOOD
2026-02-13T16:24:27.009Z,9.446,5.550,TREND_UP,BUY UP,0.6321400793650793,0.3678599206349207,0.21,0.78,0.42001886724386717,-0.4200188672438673,UP:MID:GOOD
2026-02-13T16:24:28.255Z,9.467,5.529,TREND_UP,BUY UP,0.6316460317460317,0.36835396825396827,0.22,0.77,0.4094238095238095,-0.4094238095238095,UP:MID:GOOD
2026-02-13T16:24:29.500Z,9.488,5.508,TREND_UP,BUY UP,0.6311515873015873,0.36884841269841273,0.23,0.76,0.3988283549783549,-0.398828354978355,UP:MID:GOOD
2026-02-13T16:24:30.741Z,9.508,5.488,TREND_UP,BUY UP,0.630659126984127,0.36934087301587304,0.23,0.76,0.3983358946608946,-0.3983358946608947,UP:MID:GOOD
2026-02-13T16:24:31.993Z,9.529,5.467,TREND_UP,NO TRADE,0.5607427777777778,0.4392572222222222,0.23,0.76,0.32841954545454544,-0.32841954545454555,NO_TRADE
2026-02-13T16:24:33.259Z,9.550,5.446,TREND_UP,NO TRADE,0.5623147429519072,0.4376852570480928,0.18,0.81,0.3804965611337254,-0.38049656113372543,NO_TRADE
2026-02-13T16:24:34.518Z,9.571,5.425,TREND_UP,NO TRADE,0.5620922378986289,0.43790776210137106,0.18,0.8109950248756219,0.3804566136203017,-0.3804566136203018,NO_TRADE
2026-02-13T16:24:35.767Z,9.592,5.404,TREND_UP,NO TRADE,0.5628086805555556,0.43719131944444445,0.17,0.82,0.39109150883838384,-0.39109150883838384,NO_TRADE
2026-02-13T16:24:37.024Z,9.613,5.383,TREND_UP,NO TRADE,0.5625657638888889,0.4374342361111111,0.17,0.82,0.3908485921717172,-0.3908485921717172,NO_TRADE
2026-02-13T16:24:38.287Z,9.634,5.362,TREND_UP,NO TRADE,0.5613558374792703,0.4386441625207297,0.18,0.81,0.3795376556610885,-0.37953765566108855,NO_TRADE
2026-02-13T16:24:39.542Z,9.655,5.341,TREND_UP,NO TRADE,0.5611164925373134,0.43888350746268656,0.18,0.81,0.3792983107191316,-0.37929831071913167,NO_TRADE
2026-02-13T16:24:40.788Z,9.676,5.320,TREND_UP,NO TRADE,0.5608782918739635,0.43912170812603646,0.18,0.81,0.3790601100557817,-0.3790601100557818,NO_TRADE
2026-02-13T16:24:42.034Z,9.696,5.300,TREND_UP,NO TRADE,0.5606416169154229,0.4393583830845771,0.18,0.81,0.3788234350972411,-0.37882343509724115,NO_TRADE
2026-02-13T16:24:43.293Z,9.717,5.279,TREND_UP,NO TRADE,0.5604007462686568,0.43959925373134323,0.18,0.81,0.37858256445047495,-0.378582564450475,NO_TRADE
2026-02-13T16:24:44.556Z,9.738,5.257,TREND_UP,NO TRADE,0.559197972872538,0.44080202712746197,0.19,0.8,0.3672787809533461,-0.3672787809533462,NO_TRADE
2026-02-13T16:24:45.816Z,9.760,5.236,TREND_UP,BUY UP,0.6246781746031747,0.37532182539682535,0.2,0.79,0.4226579725829726,-0.42265797258297266,UP:MID:GOOD
2026-02-13T16:24:47.499Z,9.780,5.208,TREND_UP,BUY UP,0.6240091269841269,0.3759908730158731,0.2,0.79,0.42198892496392487,-0.4219889249639249,UP:MID:GOOD
2026-02-13T16:24:48.761Z,9.808,5.187,TREND_UP,BUY UP,0.623509126984127,0.37649087301587303,0.21,0.78,0.4113879148629148,-0.4113879148629149,UP:MID:GOOD
2026-02-13T16:24:50.016Z,9.830,5.166,TREND_UP,NO TRADE,0.5581733351913787,0.4418266648086213,0.19,0.8,0.36625414327218675,-0.36625414327218686,NO_TRADE
2026-02-13T16:24:51.266Z,9.850,5.146,TREND_UP,NO TRADE,0.5588805721393035,0.44111942786069647,0.18,0.81,0.3770623903211217,-0.37706239032112177,NO_TRADE
2026-02-13T16:24:52.548Z,9.871,5.124,TREND_UP,NO TRADE,0.5586362686567165,0.44136373134328355,0.18,0.81,0.3768180868385346,-0.3768180868385347,NO_TRADE
2026-02-13T16:24:53.816Z,9.893,5.103,TREND_UP,NO TRADE,0.5583940630182421,0.4416059369817579,0.18,0.81,0.3765758812000603,-0.37657588120006036,NO_TRADE
2026-02-13T16:24:55.072Z,9.914,5.082,TREND_UP,NO TRADE,0.5599696039514228,0.4400303960485772,0.16,0.83,0.39835344233526115,-0.39835344233526115,NO_TRADE
2026-02-13T16:24:56.336Z,9.935,5.061,TREND_UP,NO TRADE,0.5588247697368421,0.44117523026315786,0.17,0.82,0.38710759801967043,-0.38710759801967043,NO_TRADE
2026-02-13T16:24:57.672Z,9.956,5.039,TREND_UP,NO TRADE,0.5594584719956498,0.4405415280043502,0.16,0.83,0.39784231037948814,-0.39784231037948814,NO_TRADE
2026-02-13T16:24:58.921Z,9.978,5.018,TREND_UP,NO TRADE,0.5592126409280406,0.44078735907195943,0.16,0.83,0.3975964793118789,-0.3975964793118789,NO_TRADE
2026-02-13T16:25:00.172Z,9.999,4.997,TREND_UP,NO TRADE,0.5589664165307232,0.4410335834692768,0.16,0.83,0.39735025491456155,-0.39735025491456155,NO_TRADE
2026-02-13T16:25:01.718Z,10.020,4.971,TREND_UP,NO TRADE,0.5595280906148867,0.44047190938511327,0.15,0.84,0.40801293909973524,-0.40801293909973524,NO_TRADE
2026-02-13T16:25:02.963Z,10.045,4.951,TREND_UP,NO TRADE,0.5601286846798644,0.43987131532013557,0.14,0.85,0.418714543265723,-0.418714543265723,NO_TRADE
2026-02-13T16:25:04.653Z,10.066,4.923,TREND_UP,NO TRADE,0.6185816339869281,0.3814183660130719,0.17,0.82,0.4468644622697564,-0.4468644622697564,NO_TRADE
2026-02-13T16:25:06.562Z,10.094,4.891,TREND_UP,NO TRADE,0.6182863305613305,0.38171366943866947,0.16,0.83,0.4566701689451689,-0.4566701689451689,NO_TRADE
2026-02-13T16:25:07.829Z,10.126,4.870,TREND_UP,NO TRADE,0.618235109739369,0.381764890260631,0.15,0.84,0.4667199582242175,-0.4667199582242175,NO_TRADE
2026-02-13T16:25:09.072Z,10.147,4.849,TREND_UP,NO TRADE,0.6177288751714678,0.3822711248285322,0.15,0.84,0.4662137236563163,-0.4662137236563163,NO_TRADE
2026-02-13T16:25:10.310Z,10.168,4.828,TREND_UP,NO TRADE,0.5569724315751314,0.44302756842486857,0.16,0.83,0.3953562699589698,-0.3953562699589698,NO_TRADE
2026-02-13T16:25:11.553Z,10.189,4.808,TREND_UP,NO TRADE,0.5590940051887636,0.4409059948112364,0.13,0.85,0.4264409439642738,-0.4264409439642738,NO_TRADE
2026-02-13T16:25:12.807Z,10.209,4.787,TREND_UP,NO TRADE,0.6166595643810817,0.3833404356189183,0.14,0.85,0.4752454229669403,-0.4752454229669403,NO_TRADE
2026-02-13T16:25:14.081Z,10.230,4.765,TREND_UP,NO TRADE,0.6152546500346501,0.3847453499653499,0.16,0.83,0.4536384884184884,-0.4536384884184884,NO_TRADE
2026-02-13T16:25:15.330Z,10.251,4.745,TREND_UP,NO TRADE,0.614294883286648,0.38570511671335195,0.17,0.82,0.44257771156947634,-0.44257771156947634,NO_TRADE
2026-02-13T16:25:16.576Z,10.272,4.724,TREND_UP,NO TRADE,0.6137946218487396,0.38620537815126044,0.17,0.82,0.44207745013156785,-0.44207745013156785,NO_TRADE
2026-02-13T16:25:17.819Z,10.293,4.703,TREND_UP,NO TRADE,0.6137466701316702,0.38625332986832983,0.16,0.83,0.4521305085155085,-0.4521305085155085,NO_TRADE
2026-02-13T16:25:19.223Z,10.314,4.680,TREND_UP,NO TRADE,0.6131448169317057,0.38685518306829425,0.1609950248756219,0.83,0.4506868622151035,-0.45068686221510346,NO_TRADE
2026-02-13T16:25:20.507Z,10.337,4.658,TREND_UP,NO TRADE,0.6122167507002801,0.38778324929971986,0.17,0.82,0.44049957898310843,-0.44049957898310843,NO_TRADE
2026-02-13T16:25:21.763Z,10.359,4.637,TREND_UP,NO TRADE,0.610413492063492,0.38958650793650795,0.2,0.79,0.40839329004329,-0.40839329004329006,NO_TRADE
2026-02-13T16:25:23.008Z,10.379,4.617,TREND_UP,NO TRADE,0.6099194444444445,0.39008055555555554,0.2,0.79,0.4078992424242424,-0.40789924242424247,NO_TRADE
2026-02-13T16:25:24.255Z,10.400,4.596,TREND_UP,NO TRADE,0.6481711384335156,0.3518288615664844,0.2,0.79,0.44615093641331355,-0.4461509364133136,NO_TRADE
2026-02-13T16:25:25.502Z,10.421,4.575,TREND_UP,NO TRADE,0.6475010746812386,0.35249892531876137,0.22,0.77,0.4252788524590164,-0.4252788524590164,NO_TRADE
2026-02-13T16:25:26.756Z,10.442,4.554,TREND_UP,NO TRADE,0.6468277868852459,0.3531722131147541,0.22,0.77,0.4246055646630237,-0.4246055646630237,NO_TRADE
2026-02-13T16:25:28.012Z,10.463,4.533,TREND_UP,NO TRADE,0.6461518123861567,0.3538481876138433,0.22,0.77,0.4239295901639345,-0.4239295901639345,NO_TRADE
2026-02-13T16:25:29.257Z,10.484,4.512,TREND_UP,NO TRADE,0.6454822859744991,0.3545177140255009,0.22,0.77,0.42326006375227687,-0.42326006375227687,NO_TRADE
2026-02-13T16:25:30.504Z,10.504,4.492,TREND_UP,NO TRADE,0.6448138342440801,0.3551861657559199,0.23,0.76,0.41249060192084774,-0.41249060192084785,NO_TRADE
2026-02-13T16:25:31.751Z,10.525,4.471,TREND_UP,NO TRADE,0.6441437704918034,0.3558562295081966,0.22,0.7709950248756219,0.42214467415162565,-0.4221446741516257,NO_TRADE
2026-02-13T16:25:33.004Z,10.546,4.450,TREND_UP,NO TRADE,0.6434699453551913,0.3565300546448087,0.2,0.79,0.44144974333498926,-0.4414497433349893,NO_TRADE
2026-02-13T16:25:34.265Z,10.567,4.429,TREND_UP,NO TRADE,0.6427923588342441,0.3572076411657559,0.2209950248756219,0.7709950248756219,0.4200128814281555,-0.4200128814281556,NO_TRADE
2026-02-13T16:25:35.509Z,10.588,4.408,TREND_UP,NO TRADE,0.6421239071038252,0.35787609289617484,0.22,0.77,0.41990168488160295,-0.41990168488160295,NO_TRADE
2026-02-13T16:25:36.756Z,10.609,4.387,TREND_UP,NO TRADE,0.6414538433515483,0.3585461566484517,0.22,0.77,0.4192316211293261,-0.4192316211293261,NO_TRADE
2026-02-13T16:25:38.006Z,10.629,4.367,TREND_UP,NO TRADE,0.6407827049180328,0.3592172950819672,0.21,0.78,0.42866149279682064,-0.42866149279682075,NO_TRADE
2026-02-13T16:25:39.288Z,10.650,4.345,TREND_UP,NO TRADE,0.6400949089253187,0.35990509107468127,0.2,0.79,0.4380747069051167,-0.43807470690511674,NO_TRADE
2026-02-13T16:25:40.533Z,10.671,4.325,TREND_UP,NO TRADE,0.6394713406569383,0.36052865934306166,0.19,0.8,0.4475521487377464,-0.4475521487377465,NO_TRADE
2026-02-13T16:25:41.777Z,10.692,4.304,TREND_UP,NO TRADE,0.6388026660108215,0.3611973339891785,0.19,0.8,0.44688347409162954,-0.44688347409162965,NO_TRADE
2026-02-13T16:25:43.027Z,10.713,4.283,TREND_UP,NO TRADE,0.6380841803278688,0.36191581967213116,0.2,0.79,0.4360639783076668,-0.43606397830766686,NO_TRADE
2026-02-13T16:25:44.308Z,10.734,4.262,TREND_UP,NO TRADE,0.6373963843351549,0.3626036156648451,0.22,0.77,0.4151741621129327,-0.4151741621129327,NO_TRADE
2026-02-13T16:25:45.567Z,10.755,4.241,TREND_UP,NO TRADE,0.6367198724954463,0.36328012750455374,0.23,0.76,0.4043966401722139,-0.404396640172214,NO_TRADE
2026-02-13T16:25:46.813Z,10.776,4.220,TREND_UP,NO TRADE,0.6360498087431694,0.3639501912568306,0.24,0.75,0.393625566318927,-0.393625566318927,NO_TRADE
2026-02-13T16:25:48.059Z,10.797,4.199,TREND_UP,NO TRADE,0.6353808196721311,0.3646191803278689,0.24,0.75,0.3929565772478887,-0.3929565772478887,NO_TRADE
2026-02-13T16:25:49.760Z,10.818,4.171,TREND_UP,NO TRADE,0.6344668032786885,0.36553319672131146,0.28,0.71,0.35163852045040567,-0.35163852045040567,NO_TRADE
2026-02-13T16:25:51.448Z,10.846,4.143,TREND_UP,NO TRADE,0.633559772313297,0.36644022768670304,0.29,0.7,0.34063047938400404,-0.34063047938400404,NO_TRADE
2026-02-13T16:25:52.698Z,10.874,4.122,TREND_UP,NO TRADE,0.6328880965391621,0.3671119034608379,0.2809950248756219,0.71,0.3493397256370084,-0.34933972563700844,NO_TRADE
2026-02-13T16:25:53.946Z,10.895,4.101,TREND_UP,NO TRADE,0.632217495446266,0.36778250455373396,0.32,0.67,0.3089851722139428,-0.30898517221394284,NO_TRADE
2026-02-13T16:25:55.193Z,10.916,4.080,TREND_UP,NO TRADE,0.6315474316939891,0.3684525683060109,0.31,0.68,0.31841611856267593,-0.31841611856267604,NO_TRADE
2026-02-13T16:25:56.440Z,10.937,4.059,TREND_UP,NO TRADE,0.6308768306010929,0.3691231693989071,0.3,0.69,0.32784652757078986,-0.3278465275707898,NO_TRADE
2026-02-13T16:25:57.688Z,10.957,4.039,TREND_UP,NO TRADE,0.6302078415300547,0.3697921584699453,0.31,0.68,0.31707652839874156,-0.3170765283987417,NO_TRADE
2026-02-13T16:25:58.947Z,10.978,4.018,TREND_UP,NO TRADE,0.6295297176684882,0.3704702823315118,0.31,0.68,0.31639840453717505,-0.31639840453717516,NO_TRADE
2026-02-13T16:26:00.197Z,10.999,3.997,TREND_UP,NO TRADE,0.6288585792349727,0.3711414207650273,0.3109950248756219,0.68,0.31503760428643107,-0.3150376042864311,NO_TRADE
2026-02-13T16:26:01.443Z,11.020,3.976,TREND_UP,NO TRADE,0.6294517054263566,0.37054829457364336,0.3,0.69,0.3264214023960536,-0.32642140239605355,NO_TRADE
2026-02-13T16:26:02.693Z,11.041,3.955,TREND_UP,NO TRADE,0.6287739534883721,0.37122604651162794,0.26,0.73,0.3661476908621094,-0.3661476908621094,NO_TRADE
2026-02-13T16:26:03.949Z,11.062,3.934,TREND_UP,NO TRADE,0.6280913178294574,0.3719086821705426,0.26,0.73,0.3654650552031947,-0.3654650552031947,NO_TRADE
2026-02-13T16:26:05.196Z,11.083,3.913,TREND_UP,NO TRADE,0.6274157364341085,0.37258426356589147,0.27,0.71,0.35190553235247585,-0.3519055323524759,NO_TRADE
2026-02-13T16:26:06.447Z,11.103,3.893,TREND_UP,NO TRADE,0.6267368992248062,0.37326310077519376,0.34,0.65,0.28330255579046276,-0.2833025557904628,NO_TRADE
2026-02-13T16:26:07.695Z,11.124,3.872,TREND_UP,NO TRADE,0.6260596899224806,0.3739403100775194,0.36,0.63,0.262423326286117,-0.262423326286117,NO_TRADE
2026-02-13T16:26:08.945Z,11.145,3.851,TREND_UP,NO TRADE,0.6253808527131783,0.37461914728682166,0.38,0.61,0.24154246887479447,-0.24154246887479447,NO_TRADE
2026-02-13T16:26:10.188Z,11.166,3.830,TREND_UP,NO TRADE,0.6247063565891473,0.3752936434108527,0.33,0.66,0.29137302325581393,-0.29137302325581405,NO_TRADE
2026-02-13T16:26:11.449Z,11.187,3.809,TREND_UP,NO TRADE,0.6240226356589148,0.3759773643410852,0.37,0.62,0.25028526192154105,-0.2502852619215411,NO_TRADE
2026-02-13T16:26:12.694Z,11.207,3.789,TREND_UP,NO TRADE,0.6233475968992248,0.3766524031007752,0.37,0.62,0.24961022316185105,-0.2496102231618511,NO_TRADE
2026-02-13T16:26:13.938Z,11.228,3.768,TREND_UP,NO TRADE,0.622672015503876,0.37732798449612404,0.3,0.69,0.3196417124735729,-0.31964171247357287,NO_TRADE
2026-02-13T16:26:15.177Z,11.249,3.747,TREND_UP,NO TRADE,0.6219991472868217,0.3780008527131783,0.31,0.6809950248756219,0.30918223880748036,-0.3091822388074804,NO_TRADE
2026-02-13T16:26:16.425Z,11.270,3.726,TREND_UP,NO TRADE,0.621322480620155,0.37867751937984495,0.3,0.69,0.318292177589852,-0.31829217758985195,NO_TRADE
2026-02-13T16:26:17.686Z,11.291,3.705,TREND_UP,NO TRADE,0.6206376744186046,0.3793623255813954,0.27,0.72,0.34791040169133186,-0.3479104016913319,NO_TRADE
2026-02-13T16:26:18.938Z,11.312,3.684,TREND_UP,NO TRADE,0.6199593798449613,0.3800406201550387,0.28,0.71,0.3371310970166784,-0.3371310970166784,NO_TRADE
2026-02-13T16:26:20.198Z,11.333,3.663,TREND_UP,NO TRADE,0.6192756589147287,0.3807243410852713,0.27,0.72,0.3465483861874559,-0.346548386187456,NO_TRADE
2026-02-13T16:26:21.450Z,11.353,3.643,TREND_UP,NO TRADE,0.6179991784037558,0.38200082159624416,0.24,0.75,0.3755749359795134,-0.3755749359795134,NO_TRADE
2026-02-13T16:26:22.711Z,11.374,3.622,TREND_UP,NO TRADE,0.6173183568075118,0.3826816431924882,0.24,0.75,0.37489411438326936,-0.37489411438326936,NO_TRADE
2026-02-13T16:26:23.962Z,11.395,3.601,TREND_UP,NO TRADE,0.6166423943661972,0.38335760563380283,0.24,0.75,0.37421815194195474,-0.37421815194195474,NO_TRADE
2026-02-13T16:26:25.217Z,11.416,3.580,TREND_UP,NO TRADE,0.615965352112676,0.384034647887324,0.25,0.74,0.36344009958742346,-0.3634400995874235,NO_TRADE
2026-02-13T16:26:26.480Z,11.437,3.559,TREND_UP,NO TRADE,0.6158651937984496,0.3841348062015504,0.25,0.74,0.3633399412731971,-0.36333994127319713,NO_TRADE
2026-02-13T16:26:27.732Z,11.458,3.538,TREND_UP,NO TRADE,0.6151868992248062,0.3848131007751938,0.26,0.73,0.35256063659854353,-0.35256063659854353,NO_TRADE
2026-02-13T16:26:28.983Z,11.479,3.517,TREND_UP,NO TRADE,0.6139315258215963,0.38606847417840373,0.24,0.75,0.37150728339735384,-0.37150728339735384,NO_TRADE
2026-02-13T16:26:30.227Z,11.500,3.496,TREND_UP,NO TRADE,0.613259882629108,0.386740117370892,0.23,0.76,0.38093665030587565,-0.38093665030587576,NO_TRADE
2026-02-13T16:26:31.476Z,11.521,3.475,TREND_UP,NO TRADE,0.6131547286821706,0.3868452713178294,0.23,0.76,0.3808314963589382,-0.3808314963589383,NO_TRADE
2026-02-13T16:26:32.726Z,11.541,3.455,TREND_UP,NO TRADE,0.6119101173708921,0.38808988262910793,0.23,0.76,0.3795868850476597,-0.3795868850476598,NO_TRADE
2026-02-13T16:26:33.970Z,11.562,3.434,TREND_UP,NO TRADE,0.6112379342723004,0.38876206572769956,0.22,0.77,0.38901571205007823,-0.38901571205007823,NO_TRADE
2026-02-13T16:26:35.220Z,11.583,3.413,TREND_UP,NO TRADE,0.6105630516431925,0.38943694835680753,0.22,0.77,0.38834082942097026,-0.38834082942097026,NO_TRADE
2026-02-13T16:26:36.473Z,11.604,3.392,TREND_UP,NO TRADE,0.609887089201878,0.39011291079812205,0.22,0.77,0.38766486697965574,-0.38766486697965574,NO_TRADE
2026-02-13T16:26:37.729Z,11.625,3.371,TREND_UP,NO TRADE,0.6092095070422535,0.3907904929577465,0.23,0.76,0.37688627471902114,-0.37688627471902125,NO_TRADE
2026-02-13T16:26:38.978Z,11.646,3.350,TREND_UP,NO TRADE,0.6090838759689923,0.39091612403100773,0.27,0.72,0.3363566032417195,-0.33635660324171957,NO_TRADE
2026-02-13T16:26:40.222Z,11.666,3.330,TREND_UP,NO TRADE,0.6084077519379845,0.39159224806201554,0.32,0.65,0.2785108447214896,-0.2785108447214897,NO_TRADE
2026-02-13T16:26:41.466Z,11.687,3.309,TREND_UP,NO TRADE,0.6077337984496124,0.3922662015503876,0.34,0.65,0.2642994550152689,-0.26429945501526897,NO_TRADE
2026-02-13T16:26:42.718Z,11.708,3.288,TREND_UP,NO TRADE,0.607055503875969,0.39294449612403104,0.33,0.66,0.2737221705426356,-0.2737221705426357,NO_TRADE
2026-02-13T16:26:43.987Z,11.729,3.267,TREND_UP,NO TRADE,0.6063658139534884,0.39363418604651157,0.42,0.56,0.17779438538205988,-0.17779438538205994,NO_TRADE
2026-02-13T16:26:45.236Z,11.750,3.246,TREND_UP,NO TRADE,0.6056880620155038,0.39431193798449615,0.4409950248756219,0.54,0.1561495692677607,-0.1561495692677607,NO_TRADE
2026-02-13T16:26:46.494Z,11.771,3.225,TREND_UP,NO TRADE,0.6050054263565892,0.39499457364341084,0.46,0.53,0.14035896171012446,-0.14035896171012452,NO_TRADE
2026-02-13T16:26:47.748Z,11.792,3.204,TREND_UP,NO TRADE,0.6043244186046512,0.39567558139534875,0.48,0.51,0.11947593375616639,-0.11947593375616639,NO_TRADE
2026-02-13T16:26:49.458Z,11.813,3.176,TREND_UP,NO TRADE,0.6033970542635659,0.39660294573643406,0.52,0.47,0.07814452901104063,-0.07814452901104069,NO_TRADE
2026-02-13T16:26:50.710Z,11.841,3.155,TREND_UP,NO TRADE,0.6027176744186047,0.3972823255813953,0.52,0.47,0.07746514916607938,-0.07746514916607944,NO_TRADE
2026-02-13T16:26:51.962Z,11.862,3.134,TREND_UP,NO TRADE,0.6020382945736434,0.39796170542635656,0.58,0.41,0.016179708715057584,-0.016179708715057584,NO_TRADE
2026-02-13T16:26:53.220Z,11.883,3.113,TREND_UP,NO TRADE,0.6013551162790698,0.3986448837209302,0.57,0.42,0.0255975405214941,-0.025597540521494044,NO_TRADE
2026-02-13T16:26:54.469Z,11.904,3.092,TREND_UP,NO TRADE,0.6006773643410853,0.3993226356589147,0.59,0.4,0.004717768381489407,-0.004717768381489407,NO_TRADE
2026-02-13T16:26:55.711Z,11.925,3.072,TREND_UP,NO TRADE,0.6000039534883721,0.3999960465116279,0.57,0.4209950248756219,0.0248244766070026,-0.0248244766070026,NO_TRADE
2026-02-13T16:26:57.391Z,11.945,3.044,TREND_UP,NO TRADE,0.5990917829457365,0.4009082170542635,0.58,0.41,0.01323319708715065,-0.01323319708715065,NO_TRADE
2026-02-13T16:26:58.642Z,11.973,3.023,TREND_UP,NO TRADE,0.5984134883720931,0.40158651162790693,0.57,0.42,0.02265591261451738,-0.022655912614517326,NO_TRADE
2026-02-13T16:26:59.900Z,11.994,3.002,TREND_UP,NO TRADE,0.5977313953488372,0.40226860465116276,0.58,0.41,0.01187280949025138,-0.01187280949025138,NO_TRADE
2026-02-13T16:27:01.150Z,12.015,2.981,TREND_UP,NO TRADE,0.5958141071428571,0.4041858928571429,0.58,0.41,0.00995552128427124,-0.00995552128427124,NO_TRADE
2026-02-13T16:27:02.399Z,12.036,2.960,TREND_UP,NO TRADE,0.595145,0.40485499999999996,0.58,0.41,0.009286414141414179,-0.009286414141414179,NO_TRADE
2026-02-13T16:27:04.083Z,12.057,2.932,TREND_UP,NO TRADE,0.5942428571428572,0.4057571428571428,0.59,0.4,-0.0017167388167387276,0.0017167388167387276,NO_TRADE
2026-02-13T16:27:05.323Z,12.085,2.911,TREND_UP,NO TRADE,0.5943102582159625,0.4056897417840375,0.61,0.38,-0.021851357945653627,0.021851357945653627,NO_TRADE
2026-02-13T16:27:06.565Z,12.105,2.891,TREND_UP,NO TRADE,0.5936402347417841,0.40635976525821593,0.61,0.38,-0.022521381419832065,0.022521381419832065,NO_TRADE
2026-02-13T16:27:07.816Z,12.126,2.870,TREND_UP,NO TRADE,0.5929658920187794,0.40703410798122064,0.61,0.38,-0.02319572414283677,0.02319572414283677,NO_TRADE
2026-02-13T16:27:09.085Z,12.147,2.849,TREND_UP,NO TRADE,0.59156375,0.40843624999999995,0.55,0.44,0.036008194444444475,-0.03600819444444453,NO_TRADE
2026-02-13T16:27:10.339Z,12.168,2.828,TREND_UP,NO TRADE,0.5908908928571429,0.4091091071428571,0.52,0.47,0.06563836760461761,-0.06563836760461766,NO_TRADE
2026-02-13T16:27:11.590Z,12.189,2.807,TREND_UP,NO TRADE,0.5902207142857143,0.4097792857142857,0.52,0.47,0.06496818903318902,-0.06496818903318907,NO_TRADE
2026-02-13T16:27:12.835Z,12.210,2.786,TREND_UP,NO TRADE,0.5895548214285714,0.4104451785714286,0.51,0.48,0.07440330627705627,-0.07440330627705627,NO_TRADE
2026-02-13T16:27:14.076Z,12.231,2.765,TREND_UP,NO TRADE,0.5888894642857143,0.4111105357142857,0.5,0.49,0.08383895923520923,-0.08383895923520929,NO_TRADE
2026-02-13T16:27:15.428Z,12.251,2.743,TREND_UP,NO TRADE,0.5881651785714286,0.4118348214285714,0.44,0.55,0.1437207341269841,-0.14372073412698416,NO_TRADE
2026-02-13T16:27:16.685Z,12.274,2.722,TREND_UP,NO TRADE,0.5874923214285714,0.41250767857142856,0.42,0.57,0.16324989718614719,-0.16324989718614713,NO_TRADE
2026-02-13T16:27:17.972Z,12.295,2.701,TREND_UP,NO TRADE,0.5868028571428572,0.4131971428571428,0.43,0.56,0.15245942279942282,-0.15245942279942293,NO_TRADE
2026-02-13T16:27:19.259Z,12.316,2.679,TREND_UP,NO TRADE,0.5861128571428571,0.4138871428571429,0.41,0.58,0.17197144300144296,-0.17197144300144296,NO_TRADE
2026-02-13T16:27:20.500Z,12.338,2.658,TREND_UP,NO TRADE,0.5854491071428571,0.41455089285714286,0.4,0.59,0.18140870310245305,-0.18140870310245305,NO_TRADE
2026-02-13T16:27:21.740Z,12.358,2.638,TREND_UP,NO TRADE,0.58478375,0.41521624999999995,0.44,0.55,0.14033930555555557,-0.14033930555555563,NO_TRADE
2026-02-13T16:27:22.985Z,12.379,2.617,TREND_UP,NO TRADE,0.5841178571428571,0.41588214285714287,0.43,0.56,0.14977442279942277,-0.14977442279942288,NO_TRADE
2026-02-13T16:27:24.257Z,12.400,2.596,TREND_UP,NO TRADE,0.5834358928571428,0.4165641071428572,0.43,0.56,0.14909245851370845,-0.14909245851370856,NO_TRADE
2026-02-13T16:27:25.505Z,12.421,2.575,TREND_UP,NO TRADE,0.5827678571428572,0.41723214285714283,0.41,0.58,0.16862644300144303,-0.16862644300144303,NO_TRADE
2026-02-13T16:27:26.767Z,12.442,2.554,TREND_UP,NO TRADE,0.5820917857142858,0.41790821428571423,0.43,0.56,0.1477483513708514,-0.14774835137085152,NO_TRADE
2026-02-13T16:27:28.026Z,12.463,2.533,TREND_UP,NO TRADE,0.5814178571428572,0.4185821428571428,0.44,0.55,0.13697341269841273,-0.1369734126984128,NO_TRADE
2026-02-13T16:27:29.284Z,12.484,2.512,TREND_UP,NO TRADE,0.5807428571428571,0.4192571428571429,0.48,0.5,0.09094693877551019,-0.09094693877551019,NO_TRADE
2026-02-13T16:27:30.543Z,12.505,2.491,TREND_UP,NO TRADE,0.5800678571428571,0.41993214285714286,0.45,0.54,0.12552240259740255,-0.12552240259740266,NO_TRADE
2026-02-13T16:27:31.789Z,12.526,2.470,TREND_UP,NO TRADE,0.5794003571428572,0.4205996428571428,0.45,0.5409950248756219,0.1253112964470391,-0.1253112964470392,NO_TRADE
2026-02-13T16:27:33.035Z,12.547,2.449,TREND_UP,NO TRADE,0.5787333928571429,0.42126660714285713,0.47,0.52,0.10398591810966812,-0.10398591810966817,NO_TRADE
2026-02-13T16:27:34.297Z,12.567,2.428,TREND_UP,NO TRADE,0.57805625,0.42194374999999995,0.47,0.5209950248756219,0.10378545327325672,-0.10378545327325672,NO_TRADE
2026-02-13T16:27:35.543Z,12.588,2.408,TREND_UP,NO TRADE,0.57738875,0.42261125,0.46,0.53,0.11274228535353531,-0.11274228535353537,NO_TRADE
2026-02-13T16:27:36.794Z,12.609,2.387,TREND_UP,NO TRADE,0.5767196428571428,0.42328035714285717,0.43,0.56,0.14237620851370847,-0.14237620851370858,NO_TRADE
2026-02-13T16:27:38.034Z,12.630,2.366,TREND_UP,NO TRADE,0.5760542857142857,0.42394571428571426,0.41,0.58,0.1619128715728716,-0.1619128715728716,NO_TRADE
2026-02-13T16:27:39.314Z,12.651,2.345,TREND_UP,NO TRADE,0.5753685714285715,0.42463142857142855,0.4,0.59,0.17132816738816736,-0.17132816738816736,NO_TRADE
2026-02-13T16:27:40.574Z,12.672,2.324,TREND_UP,NO TRADE,0.5746941071428572,0.4253058928571428,0.43,0.53,0.1267774404761905,-0.12677744047619055,NO_TRADE
2026-02-13T16:27:41.827Z,12.693,2.303,TREND_UP,NO TRADE,0.5740233928571429,0.4259766071428571,0.48,0.51,0.08917490800865802,-0.08917490800865802,NO_TRADE
2026-02-13T16:27:43.075Z,12.714,2.282,TREND_UP,NO TRADE,0.5733548214285714,0.4266451785714286,0.5,0.49,0.06830431637806633,-0.06830431637806639,NO_TRADE
2026-02-13T16:27:44.336Z,12.735,2.261,TREND_UP,NO TRADE,0.5726782142857143,0.4273217857142857,0.52,0.46,0.04206596938775509,-0.04206596938775514,NO_TRADE
2026-02-13T16:27:45.575Z,12.756,2.240,TREND_UP,NO TRADE,0.5720144642857143,0.42798553571428566,0.49,0.5,0.07706496933621937,-0.07706496933621942,NO_TRADE
2026-02-13T16:27:46.828Z,12.776,2.220,TREND_UP,NO TRADE,0.57134375,0.42865624999999996,0.53,0.46,0.03599021464646468,-0.035990214646464735,NO_TRADE
2026-02-13T16:27:48.080Z,12.797,2.199,TREND_UP,NO TRADE,0.5706746428571429,0.42932535714285713,0.54,0.45,0.02522009740259734,-0.025220097402597452,NO_TRADE
2026-02-13T16:27:49.354Z,12.818,2.177,TREND_UP,NO TRADE,0.56999,0.43001,0.5709950248756219,0.42,-0.0061935433505698745,0.006193543350569819,NO_TRADE
2026-02-13T16:27:50.604Z,12.839,2.157,TREND_UP,NO TRADE,0.5698643896713615,0.43013561032863845,0.63,0.36,-0.0664992466922748,0.0664992466922748,NO_TRADE
2026-02-13T16:27:51.851Z,12.860,2.136,TREND_UP,NO TRADE,0.5691905868544601,0.4308094131455399,0.63,0.36,-0.06717304950917624,0.06717304950917624,NO_TRADE
2026-02-13T16:27:53.098Z,12.881,2.115,TREND_UP,NO TRADE,0.5685167840375587,0.4314832159624413,0.64,0.3509950248756219,-0.07729876895204923,0.07729876895204923,NO_TRADE
2026-02-13T16:27:54.787Z,12.902,2.087,TREND_UP,NO TRADE,0.567604882629108,0.432395117370892,0.66,0.33,-0.09906178403755872,0.09906178403755861,NO_TRADE
2026-02-13T16:27:56.042Z,12.930,2.066,TREND_UP,NO TRADE,0.5672662015503876,0.43273379844961235,0.7,0.29,-0.13980450552031942,0.13980450552031942,NO_TRADE
2026-02-13T16:27:57.283Z,12.951,2.045,TREND_UP,NO TRADE,0.5665917054263566,0.4334082945736434,0.72,0.26,-0.16810217212466383,0.16810217212466377,NO_TRADE
2026-02-13T16:27:58.539Z,12.972,2.024,TREND_UP,NO TRADE,0.5659106976744186,0.4340893023255814,0.71,0.28,-0.15126101949729853,0.15126101949729853,NO_TRADE
2026-02-13T16:27:59.795Z,12.992,2.003,TREND_UP,NO TRADE,0.5652302325581395,0.43476976744186047,0.74,0.25,-0.18224451491660798,0.18224451491660792,NO_TRADE
2026-02-13T16:28:01.058Z,13.013,1.982,TREND_UP,NO TRADE,0.5643415935672514,0.43565840643274856,0.79,0.2,-0.23363820441254657,0.2336382044125465,NO_TRADE
2026-02-13T16:28:02.742Z,13.034,1.954,TREND_UP,NO TRADE,0.5634317397660819,0.43656826023391815,0.7509950248756219,0.22,-0.20999655351669733,0.20999655351669724,NO_TRADE
2026-02-13T16:28:03.987Z,13.062,1.934,TREND_UP,NO TRADE,0.5627577339181287,0.43724226608187133,0.72,0.27,-0.16451499335459863,0.16451499335459857,NO_TRADE
2026-02-13T16:28:05.233Z,13.083,1.913,TREND_UP,NO TRADE,0.5620837280701755,0.4379162719298245,0.74,0.25,-0.18539101940457203,0.18539101940457198,NO_TRADE
2026-02-13T16:28:06.479Z,13.104,1.892,TREND_UP,NO TRADE,0.5614097222222222,0.4385902777777778,0.67,0.32,-0.11535795454545461,0.11535795454545456,NO_TRADE
2026-02-13T16:28:07.951Z,13.125,1.868,TREND_UP,NO TRADE,0.5606140058479532,0.4393859941520468,0.74,0.25,-0.18686074162679434,0.18686074162679428,NO_TRADE
2026-02-13T16:28:09.223Z,13.149,1.846,TREND_UP,NO TRADE,0.559924312865497,0.44007568713450296,0.78,0.21,-0.2279544750132909,0.22795447501329083,NO_TRADE
2026-02-13T16:28:10.462Z,13.170,1.826,TREND_UP,NO TRADE,0.5592551754385965,0.4407448245614035,0.8,0.19,-0.2488256326422117,0.24882563264221158,NO_TRADE
2026-02-13T16:28:11.712Z,13.191,1.805,TREND_UP,NO TRADE,0.5585784649122807,0.4414215350877193,0.78,0.21,-0.22930032296650726,0.22930032296650718,NO_TRADE
2026-02-13T16:28:12.964Z,13.212,1.784,TREND_UP,NO TRADE,0.5579006725146198,0.44209932748538017,0.78,0.2109950248756219,-0.2291870326914648,0.22918703269146481,NO_TRADE
2026-02-13T16:28:14.239Z,13.233,1.763,TREND_UP,NO TRADE,0.5572120614035088,0.44278793859649124,0.75,0.2409950248756219,-0.19960303975618798,0.19960303975618798,NO_TRADE
2026-02-13T16:28:15.479Z,13.254,1.742,TREND_UP,NO TRADE,0.5565402192982456,0.4434597807017544,0.73,0.26,-0.18083351807549175,0.18083351807549175,NO_TRADE
2026-02-13T16:28:16.723Z,13.275,1.721,TREND_UP,NO TRADE,0.5558672953216375,0.4441327046783625,0.75,0.24,-0.2017084622541201,0.2017084622541201,NO_TRADE
2026-02-13T16:28:17.982Z,13.296,1.700,TREND_UP,NO TRADE,0.5551873391812866,0.4448126608187134,0.76,0.23,-0.21248942849548114,0.21248942849548105,NO_TRADE
2026-02-13T16:28:19.257Z,13.316,1.679,TREND_UP,NO TRADE,0.5544971052631579,0.4455028947368421,0.76,0.23,-0.21317966241360986,0.21317966241360978,NO_TRADE
2026-02-13T16:28:20.503Z,13.338,1.658,TREND_UP,NO TRADE,0.5538236403508772,0.44617635964912283,0.76,0.23,-0.21385312732589057,0.21385312732589049,NO_TRADE
2026-02-13T16:28:21.757Z,13.359,1.637,TREND_UP,NO TRADE,0.5531453070175438,0.44685469298245617,0.73,0.26,-0.18422843035619352,0.18422843035619352,NO_TRADE
2026-02-13T16:28:23.003Z,13.379,1.617,TREND_UP,NO TRADE,0.5524718421052631,0.4475281578947369,0.7409950248756219,0.25,-0.19525645750817133,0.19525645750817128,NO_TRADE
2026-02-13T16:28:24.277Z,13.400,1.595,TREND_UP,NO TRADE,0.5517826900584796,0.4482173099415204,0.73,0.26,-0.18559104731525777,0.18559104731525777,NO_TRADE
2026-02-13T16:28:25.527Z,13.421,1.575,TREND_UP,NO TRADE,0.5511065204678363,0.44889347953216374,0.71,0.28,-0.16606519670388087,0.16606519670388087,NO_TRADE
2026-02-13T16:28:26.773Z,13.442,1.554,TREND_UP,NO TRADE,0.5504325146198831,0.4495674853801169,0.67,0.32,-0.12633516214779372,0.12633516214779367,NO_TRADE
2026-02-13T16:28:28.074Z,13.463,1.532,TREND_UP,NO TRADE,0.5497287573099415,0.45027124269005847,0.69,0.3,-0.14724093965975538,0.14724093965975543,NO_TRADE
2026-02-13T16:28:29.318Z,13.485,1.511,TREND_UP,NO TRADE,0.5490558333333333,0.4509441666666667,0.71,0.28,-0.16811588383838383,0.16811588383838383,NO_TRADE
2026-02-13T16:28:30.565Z,13.505,1.491,TREND_UP,NO TRADE,0.5483812865497076,0.45161871345029236,0.72,0.27,-0.17889144072301966,0.1788914407230196,NO_TRADE
2026-02-13T16:28:31.811Z,13.526,1.470,TREND_UP,NO TRADE,0.5477067397660819,0.45229326023391814,0.74,0.25,-0.19976800770866565,0.1997680077086656,NO_TRADE
2026-02-13T16:28:33.062Z,13.547,1.449,TREND_UP,NO TRADE,0.5470305701754385,0.45296942982456145,0.72,0.27,-0.18024215709728875,0.1802421570972887,NO_TRADE
2026-02-13T16:28:34.323Z,13.568,1.428,TREND_UP,NO TRADE,0.5463468274853801,0.4536531725146199,0.71,0.28,-0.17082488968633702,0.17082488968633702,NO_TRADE
2026-02-13T16:28:35.567Z,13.589,1.407,TREND_UP,NO TRADE,0.5456749853801169,0.45432501461988306,0.74,0.21,-0.23327238304093567,0.2332723830409357,NO_TRADE
2026-02-13T16:28:36.818Z,13.610,1.386,TREND_UP,NO TRADE,0.542798326848249,0.457201673151751,0.83,0.16,-0.2955855115355893,0.2955855115355893,NO_TRADE
2026-02-13T16:28:38.063Z,13.630,1.366,TREND_UP,NO TRADE,0.5438969642857143,0.4561030357142857,0.81,0.18,-0.2742848538961039,0.27428485389610385,NO_TRADE
2026-02-13T16:28:39.337Z,13.651,1.344,TREND_UP,NO TRADE,0.543215,0.456785,0.81,0.18,-0.27496681818181823,0.2749668181818182,NO_TRADE
2026-02-13T16:28:40.591Z,13.672,1.324,TREND_UP,NO TRADE,0.5425426785714286,0.45745732142857143,0.81,0.18,-0.27563913961038966,0.2756391396103896,NO_TRADE
2026-02-13T16:28:41.840Z,13.693,1.303,TREND_UP,NO TRADE,0.5422822368421053,0.4577177631578947,0.78,0.21,-0.24559655103668265,0.24559655103668257,NO_TRADE
2026-02-13T16:28:43.096Z,13.714,1.282,TREND_UP,NO TRADE,0.5416022807017544,0.4583977192982456,0.77,0.22,-0.23617549707602337,0.23617549707602334,NO_TRADE
2026-02-13T16:28:44.358Z,13.735,1.261,TREND_UP,NO TRADE,0.5409196198830409,0.45908038011695906,0.74,0.25,-0.20655512759170658,0.20655512759170652,NO_TRADE
2026-02-13T16:28:45.604Z,13.756,1.240,TREND_UP,NO TRADE,0.5402456140350878,0.45975438596491225,0.72,0.27,-0.18702711323763954,0.1870271132376395,NO_TRADE
2026-02-13T16:28:46.853Z,13.777,1.219,TREND_UP,NO TRADE,0.5384044007858546,0.4615955992141454,0.82,0.17,-0.2898784274969737,0.2898784274969737,NO_TRADE
2026-02-13T16:28:48.105Z,13.798,1.198,TREND_UP,NO TRADE,0.5388938157894737,0.4611061842105263,0.8,0.19,-0.26918699229133447,0.26918699229133436,NO_TRADE
2026-02-13T16:28:49.382Z,13.819,1.177,TREND_UP,NO TRADE,0.5382019590643274,0.46179804093567256,0.8,0.19,-0.26987884901648074,0.2698788490164806,NO_TRADE
2026-02-13T16:28:51.078Z,13.840,1.149,TREND_UP,NO TRADE,0.5372845321637427,0.4627154678362573,0.8,0.19,-0.27079627591706545,0.27079627591706534,NO_TRADE
2026-02-13T16:28:52.342Z,13.868,1.128,TREND_UP,NO TRADE,0.5366007894736842,0.46339921052631583,0.76,0.23,-0.23107597820308357,0.23107597820308348,NO_TRADE
2026-02-13T16:28:54.013Z,13.889,1.100,TREND_UP,NO TRADE,0.5356974269005847,0.46430257309941525,0.77,0.22,-0.24208035087719304,0.242080350877193,NO_TRADE
2026-02-13T16:28:55.268Z,13.917,1.079,TREND_UP,NO TRADE,0.535017470760234,0.464982529239766,0.77,0.22,-0.2427603070175438,0.24276030701754378,NO_TRADE
2026-02-13T16:28:56.518Z,13.938,1.058,TREND_UP,NO TRADE,0.5343418421052631,0.46565815789473686,0.75,0.24,-0.22323391547049443,0.22323391547049443,NO_TRADE
2026-02-13T16:28:57.780Z,13.959,1.037,TREND_UP,NO TRADE,0.5336597222222222,0.46634027777777776,0.74,0.25,-0.21381502525252527,0.21381502525252521,NO_TRADE
2026-02-13T16:28:59.038Z,13.980,1.016,TREND_UP,NO TRADE,0.5329786842105263,0.4670213157894737,0.72,0.27,-0.194294043062201,0.19429404306220094,NO_TRADE
2026-02-13T16:29:00.712Z,14.001,0.988,TREND_UP,NO TRADE,0.5320731578947369,0.46792684210526314,0.74,0.25,-0.21540158958001066,0.2154015895800106,NO_TRADE
2026-02-13T16:29:01.959Z,14.029,0.967,TREND_UP,NO TRADE,0.5313991520467837,0.4686008479532163,0.74,0.21,-0.24754821637426894,0.24754821637426896,NO_TRADE
2026-02-13T16:29:03.644Z,14.050,0.939,TREND_UP,NO TRADE,0.530487134502924,0.46951286549707605,0.79,0.2,-0.26749266347687406,0.267492663476874,NO_TRADE
2026-02-13T16:29:04.890Z,14.077,0.919,TREND_UP,NO TRADE,0.5298131286549708,0.47018687134502923,0.77,0.22,-0.24796464912280702,0.247964649122807,NO_TRADE
2026-02-13T16:29:06.139Z,14.098,0.898,TREND_UP,NO TRADE,0.5291380409356725,0.4708619590643275,0.78,0.21,-0.25874074694311544,0.25874074694311533,NO_TRADE
2026-02-13T16:29:07.387Z,14.119,0.877,TREND_UP,NO TRADE,0.5284629532163743,0.47153704678362574,0.77,0.22,-0.24931482456140353,0.2493148245614035,NO_TRADE
2026-02-13T16:29:08.743Z,14.140,0.854,TREND_UP,NO TRADE,0.5277294444444445,0.4722705555555555,0.77,0.22,-0.2500483333333333,0.2500483333333333,NO_TRADE
2026-02-13T16:29:10.015Z,14.162,0.833,TREND_UP,NO TRADE,0.5270424561403508,0.47295754385964917,0.74,0.21,-0.2519049122807018,0.2519049122807018,NO_TRADE
2026-02-13T16:29:11.271Z,14.184,0.812,TREND_UP,NO TRADE,0.5263619590643275,0.4736380409356725,0.62,0.37,-0.09990066719829882,0.09990066719829876,NO_TRADE
2026-02-13T16:29:12.520Z,14.205,0.791,TREND_UP,NO TRADE,0.5256868713450292,0.4743131286549708,0.6,0.39,-0.08037373471557685,0.0803737347155768,NO_TRADE
2026-02-13T16:29:13.779Z,14.226,0.770,TREND_UP,NO TRADE,0.5247639285714286,0.4752360714285714,0.56,0.43,-0.04089263708513713,0.04089263708513702,NO_TRADE
2026-02-13T16:29:15.037Z,14.247,0.749,TREND_UP,NO TRADE,0.5240900000000001,0.47590999999999994,0.41,0.56,0.10140958762886604,-0.1014095876288661,NO_TRADE
2026-02-13T16:29:16.305Z,14.268,0.728,TREND_UP,NO TRADE,0.5093369658119659,0.49066303418803414,0.4,0.59,0.10529656177156177,-0.10529656177156177,NO_TRADE
2026-02-13T16:29:17.552Z,14.289,0.708,TREND_UP,NO TRADE,0.5090709401709401,0.4909290598290599,0.4,0.59,0.10503053613053603,-0.10503053613053603,NO_TRADE
2026-02-13T16:29:18.799Z,14.309,0.687,TREND_UP,NO TRADE,0.5088044871794872,0.49119551282051277,0.42,0.57,0.08456206293706298,-0.08456206293706292,NO_TRADE
2026-02-13T16:29:20.066Z,14.330,0.666,TREND_UP,NO TRADE,0.5085339743589744,0.4914660256410256,0.43,0.56,0.07419054001554004,-0.07419054001554015,NO_TRADE
2026-02-13T16:29:21.324Z,14.351,0.645,TREND_UP,NO TRADE,0.5207219642857143,0.47927803571428573,0.51,0.48,0.005570449134199129,-0.005570449134199129,NO_TRADE
2026-02-13T16:29:22.578Z,14.372,0.624,TREND_UP,NO TRADE,0.5200491071428571,0.4799508928571429,0.5,0.49,0.014998602092352042,-0.014998602092352098,NO_TRADE
2026-02-13T16:29:23.836Z,14.393,0.603,TREND_UP,NO TRADE,0.5193757142857143,0.4806242857142857,0.42,0.55,0.08638602356406477,-0.08638602356406488,NO_TRADE
2026-02-13T16:29:25.087Z,14.414,0.582,TREND_UP,NO TRADE,0.5074611111111111,0.49253888888888886,0.35,0.64,0.1539257575757576,-0.15392575757575766,NO_TRADE
2026-02-13T16:29:26.340Z,14.435,0.561,TREND_UP,NO TRADE,0.5071935897435897,0.49280641025641025,0.22,0.77,0.28497136752136754,-0.28497136752136754,NO_TRADE
2026-02-13T16:29:27.596Z,14.456,0.540,TREND_UP,NO TRADE,0.5073951388888889,0.4926048611111111,0.16,0.83,0.3457789772727272,-0.3457789772727272,NO_TRADE
2026-02-13T16:29:28.854Z,14.477,0.519,TREND_UP,NO TRADE,0.5076466408268734,0.4923533591731266,0.11,0.88,0.3965355297157623,-0.39653552971576234,NO_TRADE
2026-02-13T16:29:30.107Z,14.498,0.498,TREND_UP,NO TRADE,0.5075309903381643,0.4924690096618357,0.09,0.9,0.41662189942907335,-0.41662189942907346,NO_TRADE
2026-02-13T16:29:31.363Z,14.519,0.477,TREND_UP,NO TRADE,0.5071233844723384,0.4928766155276616,0.1,0.89,0.4061132834622374,-0.4061132834622374,NO_TRADE
2026-02-13T16:29:32.617Z,14.540,0.456,TREND_UP,NO TRADE,0.506148270629546,0.49385172937045396,0.17,0.82,0.3344310989123743,-0.3344310989123743,NO_TRADE
2026-02-13T16:29:33.860Z,14.560,0.436,TREND_UP,NO TRADE,0.5055865384615384,0.49441346153846155,0.26,0.73,0.2429602758352758,-0.2429602758352758,NO_TRADE
2026-02-13T16:29:35.110Z,14.581,0.415,TREND_UP,NO TRADE,0.5053194444444444,0.49468055555555557,0.24,0.75,0.262895202020202,-0.262895202020202,NO_TRADE
2026-02-13T16:29:36.375Z,14.602,0.394,TREND_UP,NO TRADE,0.5050491452991454,0.49495085470085465,0.29,0.7,0.21211985236985242,-0.21211985236985242,NO_TRADE
2026-02-13T16:29:37.640Z,14.623,0.373,TREND_UP,NO TRADE,0.5047792735042735,0.49522072649572646,0.34,0.65,0.16134493006993006,-0.16134493006993011,NO_TRADE
2026-02-13T16:29:38.884Z,14.644,0.352,TREND_UP,NO TRADE,0.5113783164983164,0.48862168350168356,0.62,0.37,-0.11488430976430986,0.1148843097643098,NO_TRADE
2026-02-13T16:29:40.134Z,14.665,0.331,TREND_UP,NO TRADE,0.5107054545454546,0.4892945454545454,0.67,0.3,-0.1800161949390816,0.1800161949390815,NO_TRADE
2026-02-13T16:29:41.396Z,14.686,0.310,TREND_UP,NO TRADE,0.5100250505050505,0.48997494949494946,0.68,0.31,-0.17684363636363643,0.17684363636363631,NO_TRADE
2026-02-13T16:29:42.652Z,14.707,0.289,TREND_UP,NO TRADE,0.5093484175084175,0.49065158249158247,0.52,0.47,-0.015904107744107776,0.01590410774410772,NO_TRADE
2026-02-13T16:29:43.906Z,14.728,0.268,TREND_UP,NO TRADE,0.5085555555555555,0.49144444444444446,0.46,0.53,0.04390909090909084,-0.0439090909090909,NO_TRADE
2026-02-13T16:29:45.385Z,14.749,0.244,TREND_UP,NO TRADE,0.5077690821256039,0.4922309178743961,0.37,0.62,0.13403170838823014,-0.1340317083882302,NO_TRADE
2026-02-13T16:29:46.642Z,14.773,0.223,TREND_UP,NO TRADE,0.5028551282051282,0.49714487179487177,0.3,0.69,0.1998248251748252,-0.19982482517482514,NO_TRADE
2026-02-13T16:29:47.890Z,14.794,0.202,TREND_UP,NO TRADE,0.5025884615384615,0.4974115384615385,0.33,0.66,0.1692551282051281,-0.16925512820512822,NO_TRADE
2026-02-13T16:29:49.137Z,14.815,0.181,TREND_UP,NO TRADE,0.5023220085470086,0.4976779914529914,0.33,0.66,0.16898867521367522,-0.16898867521367533,NO_TRADE
2026-02-13T16:29:50.413Z,14.836,0.160,TREND_UP,NO TRADE,0.502049358974359,0.497950641025641,0.22,0.76,0.2775595630559916,-0.2775595630559916,NO_TRADE
2026-02-13T16:29:51.665Z,14.857,0.139,TREND_UP,NO TRADE,0.5018611924955024,0.49813880750449757,0.17,0.8,0.32660346053673955,-0.3266034605367395,NO_TRADE
2026-02-13T16:29:52.925Z,14.878,0.118,TREND_UP,NO TRADE,0.5016660844250364,0.49833391557496365,0.14,0.85,0.3602519430108949,-0.3602519430108949,NO_TRADE
2026-02-13T16:29:54.173Z,14.899,0.097,TREND_UP,NO TRADE,0.5012461538461539,0.4987538461538461,0.22,0.76,0.2767563579277865,-0.2767563579277865,NO_TRADE
2026-02-13T16:29:55.433Z,14.920,0.076,TREND_UP,NO TRADE,0.5010763658418244,0.49892363415817564,0.14,0.85,0.3596622244276829,-0.3596622244276829,NO_TRADE
2026-02-13T16:29:56.687Z,14.941,0.055,TREND_UP,NO TRADE,0.5007334961302375,0.49926650386976246,0.17,0.77,0.3198824323004503,-0.3198824323004503,NO_TRADE
2026-02-13T16:29:57.949Z,14.962,0.034,TREND_UP,NO TRADE,0.5004395299145299,0.4995604700854701,0.24,0.75,0.25801528749028746,-0.25801528749028746,NO_TRADE
2026-02-13T16:29:59.234Z,14.983,0.013,TREND_UP,NO TRADE,0.5004153535353535,0.4995846464646465,0.52,0.32,-0.11863226551226547,0.11863226551226558,NO_TRADE
2026-02-13T16:30:00.488Z,0.004,14.992,TREND_UP,BUY UP,0.9873920713305899,0.012607928669410073,0.47,0.52,0.5126445965831152,-0.5126445965831152,UP:EARLY:STRONG
2026-02-13T16:30:02.073Z,0.025,14.966,TREND_UP,BUY UP,0.9865343415637862,0.013465658436213834,0.48,0.51,0.5016858567153013,-0.5016858567153013,UP:EARLY:STRONG
2026-02-13T16:30:03.340Z,0.052,14.944,TREND_UP,BUY UP,0.9818139890710383,0.01818601092896166,0.47,0.52,0.5070665143235635,-0.5070665143235636,UP:EARLY:GOOD
2026-02-13T16:30:04.606Z,0.073,14.923,TREND_UP,BUY UP,0.9811331785063753,0.01886682149362473,0.46,0.53,0.5164867138599105,-0.5164867138599106,UP:EARLY:GOOD
2026-02-13T16:30:06.293Z,0.094,14.895,TREND_UP,BUY UP,0.9802272222222224,0.01977277777777764,0.46,0.53,0.5155807575757576,-0.5155807575757577,UP:EARLY:GOOD
2026-02-13T16:30:07.552Z,0.122,14.874,TREND_UP,BUY UP,0.9795512477231331,0.020448752276866933,0.46,0.53,0.5149047830766684,-0.5149047830766684,UP:EARLY:GOOD
2026-02-13T16:30:08.804Z,0.143,14.853,TREND_UP,BUY UP,0.978879034608379,0.021120965391621005,0.46,0.53,0.5142325699619144,-0.5142325699619144,UP:EARLY:GOOD
2026-02-13T16:30:10.061Z,0.164,14.832,TREND_UP,BUY UP,0.9782030601092897,0.0217969398907103,0.46,0.53,0.513556595462825,-0.5135565954628251,UP:EARLY:GOOD
2026-02-13T16:30:11.311Z,0.184,14.812,TREND_UP,BUY UP,0.9775319216757743,0.022468078324225704,0.46,0.53,0.5128854570293095,-0.5128854570293097,UP:EARLY:GOOD
2026-02-13T16:30:12.565Z,0.205,14.791,TREND_UP,BUY UP,0.9768575591985429,0.02314244080145711,0.46,0.53,0.5122110945520781,-0.5122110945520782,UP:EARLY:GOOD
2026-02-13T16:30:13.821Z,0.226,14.770,TREND_UP,BUY UP,0.9761821220400729,0.02381787795992707,0.46,0.53,0.5115356573936083,-0.5115356573936083,UP:EARLY:GOOD
2026-02-13T16:30:15.068Z,0.247,14.749,TREND_UP,BUY UP,0.9755125956284154,0.024487404371584587,0.46,0.53,0.5108661309819507,-0.5108661309819508,UP:EARLY:GOOD
2026-02-13T16:30:16.324Z,0.268,14.728,TREND_UP,BUY UP,0.9748366211293261,0.02516337887067388,0.46,0.53,0.5101901564828615,-0.5101901564828615,UP:EARLY:GOOD
2026-02-13T16:30:17.578Z,0.289,14.707,TREND_UP,BUY UP,0.974164408014572,0.025835591985427953,0.46,0.53,0.5095179433681074,-0.5095179433681074,UP:EARLY:GOOD
2026-02-13T16:30:18.831Z,0.310,14.686,TREND_UP,BUY UP,0.9734911202185793,0.02650887978142069,0.45,0.54,0.5189456656731247,-0.5189456656731248,UP:EARLY:GOOD
2026-02-13T16:30:20.089Z,0.331,14.665,TREND_UP,BUY UP,0.9728146083788707,0.027185391621129318,0.45,0.54,0.5182691538334161,-0.5182691538334162,UP:EARLY:GOOD
2026-02-13T16:30:21.334Z,0.352,14.645,TREND_UP,BUY UP,0.9721456193078325,0.027854380692167502,0.45,0.54,0.5176001647623779,-0.517600164762378,UP:EARLY:GOOD
2026-02-13T16:30:22.583Z,0.372,14.624,TREND_UP,BUY UP,0.8481829365079365,0.15181706349206348,0.45,0.54,0.39363748196248194,-0.39363748196248205,UP:EARLY:GOOD
2026-02-13T16:30:23.828Z,0.393,14.603,TREND_UP,BUY UP,0.8476892857142857,0.1523107142857143,0.45,0.54,0.3931438311688311,-0.3931438311688312,UP:EARLY:GOOD
2026-02-13T16:30:25.076Z,0.414,14.582,TREND_UP,BUY UP,0.970133816029144,0.029866183970856053,0.45,0.54,0.5155883614836894,-0.5155883614836895,UP:EARLY:GOOD
2026-02-13T16:30:26.336Z,0.435,14.561,TREND_UP,BUY UP,0.8466944444444444,0.15330555555555558,0.45,0.54,0.39214898989898983,-0.39214898989898994,UP:EARLY:GOOD
2026-02-13T16:30:27.586Z,0.456,14.540,TREND_UP,BUY UP,0.8461980158730158,0.1538019841269842,0.45,0.54,0.3916525613275612,-0.3916525613275613,UP:EARLY:GOOD
2026-02-13T16:30:28.831Z,0.476,14.520,TREND_UP,BUY UP,0.6613283333333333,0.3386716666666667,0.44,0.55,0.21688388888888882,-0.21688388888888888,UP:EARLY:GOOD
2026-02-13T16:30:30.071Z,0.497,14.499,TREND_UP,BUY UP,0.6610987037037037,0.3389012962962963,0.44,0.55,0.21665425925925924,-0.2166542592592593,UP:EARLY:GOOD
2026-02-13T16:30:31.323Z,0.518,14.478,TREND_UP,BUY UP,0.6608664814814814,0.3391335185185186,0.44,0.55,0.21642203703703694,-0.216422037037037,UP:EARLY:GOOD
2026-02-13T16:30:32.571Z,0.539,14.457,TREND_UP,BUY UP,0.6606359259259259,0.3393640740740741,0.44,0.55,0.21619148148148143,-0.21619148148148148,UP:EARLY:GOOD
2026-02-13T16:30:33.819Z,0.560,14.436,TREND_UP,BUY UP,0.8437246031746031,0.15627539682539693,0.44,0.55,0.3992801587301586,-0.39928015873015865,UP:EARLY:GOOD
2026-02-13T16:30:35.064Z,0.580,14.416,TREND_UP,BUY UP,0.8432301587301587,0.15676984126984128,0.44,0.55,0.39878571428571424,-0.3987857142857143,UP:EARLY:GOOD
2026-02-13T16:30:36.310Z,0.601,14.395,TREND_UP,BUY UP,0.8427361111111111,0.15726388888888887,0.44,0.55,0.39829166666666665,-0.3982916666666667,UP:EARLY:GOOD
2026-02-13T16:30:37.971Z,0.622,14.367,TREND_UP,BUY UP,0.8420765873015872,0.1579234126984128,0.44,0.55,0.3976321428571427,-0.39763214285714277,UP:EARLY:GOOD
2026-02-13T16:30:39.223Z,0.650,14.346,TREND_UP,BUY UP,0.8415797619047618,0.1584202380952382,0.44,0.55,0.3971353174603173,-0.3971353174603174,UP:EARLY:GOOD
2026-02-13T16:30:40.510Z,0.671,14.325,TREND_UP,BUY UP,0.8410690476190475,0.15893095238095245,0.44,0.55,0.3966246031746031,-0.39662460317460313,UP:EARLY:GOOD
2026-02-13T16:30:41.766Z,0.692,14.304,TREND_UP,BUY UP,0.8405710317460318,0.15942896825396824,0.44,0.55,0.3961265873015873,-0.39612658730158734,UP:EARLY:GOOD
2026-02-13T16:30:43.011Z,0.713,14.283,TREND_UP,BUY UP,0.8400765873015872,0.15992341269841281,0.44,0.55,0.3956321428571427,-0.39563214285714277,UP:EARLY:GOOD
2026-02-13T16:30:44.257Z,0.734,14.262,TREND_UP,BUY UP,0.8395825396825396,0.1604174603174604,0.44,0.55,0.3951380952380951,-0.3951380952380952,UP:EARLY:GOOD
2026-02-13T16:30:45.526Z,0.754,14.241,TREND_UP,BUY UP,0.8390789682539681,0.1609210317460319,0.44,0.55,0.39463452380952363,-0.3946345238095237,UP:EARLY:GOOD
2026-02-13T16:30:46.770Z,0.775,14.221,TREND_UP,BUY UP,0.8385849206349205,0.16141507936507948,0.44,0.55,0.39414047619047604,-0.3941404761904761,UP:EARLY:GOOD
2026-02-13T16:30:48.028Z,0.796,14.200,TREND_UP,BUY UP,0.8380857142857143,0.16191428571428568,0.44,0.55,0.39364126984126985,-0.3936412698412699,UP:EARLY:GOOD
2026-02-13T16:30:49.269Z,0.817,14.179,TREND_UP,BUY UP,0.9571333970856103,0.042866602914389706,0.45,0.54,0.5025879425401557,-0.5025879425401558,UP:EARLY:GOOD
2026-02-13T16:30:50.541Z,0.838,14.158,TREND_UP,BUY UP,0.9564515118397086,0.04354848816029144,0.47,0.52,0.4817040370922338,-0.48170403709223386,UP:EARLY:GOOD
2026-02-13T16:30:52.226Z,0.859,14.130,TREND_UP,BUY UP,0.955546092896175,0.04445390710382502,0.47,0.52,0.48079861814870023,-0.4807986181487003,UP:EARLY:GOOD
2026-02-13T16:30:53.486Z,0.887,14.109,TREND_UP,BUY UP,0.9548685063752278,0.0451314936247722,0.47,0.52,0.48012103162775305,-0.4801210316277531,UP:EARLY:GOOD
2026-02-13T16:30:54.731Z,0.908,14.088,TREND_UP,BUY UP,0.9541995173041895,0.045800482695810496,0.47,0.52,0.47945204255671475,-0.4794520425567148,UP:EARLY:GOOD
2026-02-13T16:30:55.980Z,0.929,14.067,TREND_UP,BUY UP,0.9535283788706741,0.0464716211293259,0.47,0.52,0.47878090412319935,-0.4787809041231994,UP:EARLY:GOOD
2026-02-13T16:30:57.241Z,0.950,14.046,TREND_UP,BUY UP,0.9528518670309656,0.04714813296903442,0.47,0.52,0.47810439228349083,-0.4781043922834909,UP:EARLY:GOOD
2026-02-13T16:30:58.487Z,0.971,14.025,TREND_UP,BUY UP,0.95218072859745,0.047819271402550045,0.47,0.52,0.4774332538499752,-0.47743325384997526,UP:EARLY:GOOD
2026-02-13T16:30:59.736Z,0.992,14.004,TREND_UP,BUY UP,0.9515106648451731,0.048489335154826896,0.47,0.52,0.47676319009769835,-0.4767631900976984,UP:EARLY:GOOD
2026-02-13T16:31:00.996Z,1.012,13.983,TREND_UP,BUY UP,0.7796690000000001,0.22033099999999994,0.47,0.52,0.3049215252525253,-0.30492152525252536,UP:EARLY:GOOD
2026-02-13T16:31:02.240Z,1.033,13.963,TREND_UP,BUY UP,0.8011573529411764,0.1988426470588236,0.45,0.54,0.3466118983957218,-0.34661189839572193,UP:EARLY:STRONG
2026-02-13T16:31:03.491Z,1.054,13.942,TREND_UP,BUY UP,0.6222973684210527,0.37770263157894735,0.44,0.55,0.17785292397660818,-0.17785292397660823,UP:EARLY:GOOD
2026-02-13T16:31:04.736Z,1.075,13.921,TREND_UP,BUY UP,0.7784226666666667,0.2215773333333333,0.44,0.55,0.33397822222222223,-0.3339782222222223,UP:EARLY:GOOD
2026-02-13T16:31:05.988Z,1.096,13.900,TREND_UP,BUY UP,0.7780056666666668,0.22199433333333318,0.45,0.54,0.32346021212121223,-0.32346021212121234,UP:EARLY:GOOD
2026-02-13T16:31:07.240Z,1.117,13.879,TREND_UP,BUY UP,0.7775873333333334,0.2224126666666666,0.45,0.54,0.3230418787878788,-0.32304187878787893,UP:EARLY:GOOD
2026-02-13T16:31:08.491Z,1.137,13.859,TREND_UP,BUY UP,0.9489394835680751,0.051060516431924885,0.48,0.51,0.46409099871959025,-0.46409099871959025,UP:EARLY:STRONG
2026-02-13T16:31:09.753Z,1.158,13.838,TREND_UP,BUY UP,0.9482575821596244,0.05174241784037559,0.49,0.5,0.45330808721012944,-0.4533080872101295,UP:EARLY:STRONG
2026-02-13T16:31:10.999Z,1.179,13.817,TREND_UP,BUY UP,0.9475853990610328,0.052414600938967215,0.48,0.51,0.4627369142125479,-0.4627369142125479,UP:EARLY:STRONG
2026-02-13T16:31:12.246Z,1.200,13.796,TREND_UP,BUY UP,0.9469115962441315,0.05308840375586854,0.48,0.51,0.4620631113956466,-0.4620631113956466,UP:EARLY:STRONG
2026-02-13T16:31:13.501Z,1.221,13.775,TREND_UP,BUY UP,0.9462340140845071,0.053765985915492864,0.48,0.51,0.4613855292360223,-0.4613855292360223,UP:EARLY:STRONG
2026-02-13T16:31:14.758Z,1.242,13.754,TREND_UP,BUY UP,0.945555352112676,0.05444464788732395,0.47,0.52,0.4708078773652013,-0.47080787736520135,UP:EARLY:STRONG
2026-02-13T16:31:15.998Z,1.263,13.733,TREND_UP,BUY UP,0.7962116666666665,0.20378833333333346,0.46,0.53,0.33156520202020184,-0.3315652020202019,UP:EARLY:STRONG
2026-02-13T16:31:17.255Z,1.284,13.713,TREND_UP,BUY UP,0.7957598039215685,0.20424019607843147,0.45,0.54,0.34121434937611395,-0.34121434937611406,UP:EARLY:STRONG
2026-02-13T16:31:18.514Z,1.304,13.692,TREND_UP,BUY UP,0.7953072222222222,0.20469277777777783,0.45,0.54,0.3407617676767676,-0.3407617676767677,UP:EARLY:STRONG
2026-02-13T16:31:19.775Z,1.325,13.671,TREND_UP,BUY UP,0.6199166666666667,0.38008333333333333,0.45,0.54,0.16537121212121209,-0.1653712121212122,UP:EARLY:GOOD
2026-02-13T16:31:21.020Z,1.346,13.650,TREND_UP,BUY UP,0.7729946666666667,0.22700533333333328,0.45,0.54,0.31844921212121213,-0.31844921212121224,UP:EARLY:GOOD
2026-02-13T16:31:22.266Z,1.367,13.629,TREND_UP,BUY UP,0.619552485380117,0.380447514619883,0.45,0.54,0.1650070308346624,-0.1650070308346625,UP:EARLY:GOOD
2026-02-13T16:31:23.581Z,1.388,13.607,TREND_UP,BUY UP,0.619360380116959,0.38063961988304096,0.44,0.55,0.17491593567251457,-0.17491593567251462,UP:EARLY:GOOD
2026-02-13T16:31:25.060Z,1.410,13.582,TREND_UP,BUY UP,0.6191438596491228,0.3808561403508772,0.42,0.57,0.19490143540669852,-0.19490143540669846,UP:EARLY:GOOD
2026-02-13T16:31:26.313Z,1.435,13.562,TREND_UP,BUY UP,0.6189606725146198,0.38103932748538016,0.39,0.6,0.22502127857522586,-0.2250212785752259,UP:EARLY:GOOD
2026-02-13T16:31:27.569Z,1.455,13.541,TREND_UP,BUY UP,0.6187771929824561,0.38122280701754385,0.39,0.6,0.22483779904306217,-0.22483779904306223,UP:EARLY:GOOD
2026-02-13T16:31:28.821Z,1.476,13.520,TREND_UP,BUY UP,0.6185940058479532,0.3814059941520468,0.39,0.6,0.22465461190855923,-0.2246546119085593,UP:EARLY:GOOD
2026-02-13T16:31:30.076Z,1.497,13.499,TREND_UP,BUY UP,0.6184105263157894,0.3815894736842106,0.39,0.6,0.22447113237639543,-0.2244711323763955,UP:EARLY:GOOD
2026-02-13T16:31:31.323Z,1.518,13.478,TREND_UP,BUY UP,0.6182280701754386,0.38177192982456143,0.39,0.6,0.2242886762360446,-0.22428867623604465,UP:EARLY:GOOD
2026-02-13T16:31:32.572Z,1.539,13.457,TREND_UP,BUY UP,0.6180456140350877,0.38195438596491227,0.39,0.6,0.22410622009569375,-0.2241062200956938,UP:EARLY:GOOD
2026-02-13T16:31:33.821Z,1.560,13.436,TREND_UP,BUY UP,0.6178631578947368,0.3821368421052632,0.38,0.61,0.2340247740563529,-0.2340247740563529,UP:EARLY:GOOD
2026-02-13T16:31:35.081Z,1.581,13.415,TREND_UP,BUY UP,0.6176790935672515,0.3823209064327485,0.39,0.6,0.2237396996278575,-0.22373969962785756,UP:EARLY:GOOD
2026-02-13T16:31:36.326Z,1.601,13.395,TREND_UP,BUY UP,0.617496783625731,0.382503216374269,0.4,0.59,0.21345637958532693,-0.21345637958532693,UP:EARLY:GOOD
2026-02-13T16:31:37.576Z,1.622,13.374,TREND_UP,BUY UP,0.6173140350877193,0.3826859649122807,0.41,0.58,0.20317262094630517,-0.20317262094630517,UP:EARLY:GOOD
2026-02-13T16:31:38.826Z,1.643,13.353,TREND_UP,BUY UP,0.617131432748538,0.382868567251462,0.43,0.56,0.18278799840510362,-0.18278799840510374,UP:EARLY:GOOD
2026-02-13T16:31:40.074Z,1.664,13.332,TREND_UP,BUY UP,0.6169488304093567,0.38305116959064334,0.44,0.55,0.1725043859649122,-0.17250438596491224,UP:EARLY:GOOD
2026-02-13T16:31:41.350Z,1.685,13.311,TREND_UP,BUY UP,0.7662180000000001,0.23378199999999993,0.46,0.53,0.30157153535353537,-0.3015715353535354,UP:EARLY:GOOD
2026-02-13T16:31:42.595Z,1.706,13.290,TREND_UP,BUY UP,0.7658033333333334,0.2341966666666666,0.46,0.52,0.29641557823129255,-0.2964155782312926,UP:EARLY:GOOD
2026-02-13T16:31:43.844Z,1.727,13.269,TREND_UP,BUY UP,0.765387,0.23461299999999996,0.47,0.52,0.2906395252525253,-0.29063952525252534,UP:EARLY:GOOD
2026-02-13T16:31:45.098Z,1.747,13.248,TREND_UP,BUY UP,0.9271352823315119,0.07286471766848812,0.49,0.5,0.4321857873820169,-0.43218578738201696,UP:EARLY:GOOD
2026-02-13T16:31:46.351Z,1.768,13.228,TREND_UP,BUY UP,0.9264625318761385,0.07353746812386153,0.5,0.49,0.4214120268256334,-0.42141202682563345,UP:EARLY:GOOD
2026-02-13T16:31:47.596Z,1.789,13.207,TREND_UP,BUY UP,0.9257935428051003,0.07420645719489971,0.47,0.49,0.436210209471767,-0.4362102094717669,UP:EARLY:GOOD
2026-02-13T16:31:48.851Z,1.810,13.186,TREND_UP,BUY UP,0.7637176666666667,0.23628233333333326,0.47,0.52,0.288970191919192,-0.28897019191919204,UP:EARLY:GOOD
2026-02-13T16:31:50.120Z,1.831,13.165,TREND_UP,BUY UP,0.7632950000000001,0.23670499999999994,0.47,0.52,0.2885475252525253,-0.28854752525252536,UP:EARLY:GOOD
2026-02-13T16:31:51.379Z,1.852,13.144,TREND_UP,BUY UP,0.7628760000000001,0.2371239999999999,0.47,0.52,0.28812852525252536,-0.2881285252525254,UP:EARLY:GOOD
2026-02-13T16:31:52.632Z,1.873,13.123,TREND_UP,BUY UP,0.7624573333333333,0.23754266666666668,0.47,0.52,0.28770985858585857,-0.2877098585858586,UP:EARLY:GOOD
2026-02-13T16:31:53.944Z,1.894,13.101,TREND_UP,BUY UP,0.7620196666666668,0.23798033333333324,0.47,0.52,0.287272191919192,-0.28727219191919207,UP:EARLY:GOOD
2026-02-13T16:31:55.200Z,1.916,13.080,TREND_UP,BUY UP,0.7616016666666667,0.23839833333333327,0.47,0.52,0.286854191919192,-0.28685419191919204,UP:EARLY:GOOD
2026-02-13T16:31:56.458Z,1.937,13.059,TREND_UP,BUY UP,0.9210316302367942,0.07896836976320576,0.48,0.51,0.4361831453883094,-0.4361831453883094,UP:EARLY:GOOD
2026-02-13T16:31:57.705Z,1.958,13.038,TREND_UP,BUY UP,0.9250592185592186,0.07494078144078142,0.5,0.49,0.4200087135087135,-0.42000871350871355,UP:EARLY:STRONG
2026-02-13T16:31:58.968Z,1.979,13.017,TREND_UP,BUY UP,0.9243735164835165,0.07562648351648349,0.51,0.48,0.4092220013320014,-0.4092220013320014,UP:EARLY:STRONG
2026-02-13T16:32:00.220Z,2.000,12.996,TREND_UP,BUY UP,0.9236927045177046,0.07630729548229542,0.57,0.42,0.3479351287601289,-0.34793512876012883,UP:EARLY:STRONG
2026-02-13T16:32:01.700Z,2.021,12.972,TREND_UP,BUY UP,0.9228880097680099,0.07711199023199011,0.57,0.42,0.3471304340104342,-0.34713043401043414,UP:EARLY:STRONG
2026-02-13T16:32:02.965Z,2.045,12.951,TREND_UP,NO TRADE,0.6425550692557594,0.35744493074424055,0.57,0.42,0.06679749349818376,-0.0667974934981837,NO_TRADE
2026-02-13T16:32:04.660Z,2.066,12.922,TREND_UP,BUY UP,0.9226199161425577,0.07738008385744233,0.56,0.43,0.3569633504859919,-0.35696335048599204,UP:EARLY:STRONG
2026-02-13T16:32:05.950Z,2.095,12.901,TREND_UP,BUY UP,0.9205798778998779,0.07942012210012206,0.57,0.42,0.34482230214230225,-0.3448223021423022,UP:EARLY:STRONG
2026-02-13T16:32:07.200Z,2.116,12.880,TREND_UP,BUY UP,0.9198996092796092,0.08010039072039077,0.57,0.42,0.34414203352203354,-0.3441420335220335,UP:EARLY:STRONG
2026-02-13T16:32:08.462Z,2.137,12.859,TREND_UP,BUY UP,0.9192144505494506,0.08078554945054939,0.58,0.41,0.33335586469086476,-0.33335586469086476,UP:EARLY:STRONG
2026-02-13T16:32:09.752Z,2.158,12.838,TREND_UP,BUY UP,0.9198444025157233,0.0801555974842767,0.58,0.41,0.33398581665713745,-0.33398581665713745,UP:EARLY:STRONG
2026-02-13T16:32:10.998Z,2.179,12.817,TREND_UP,BUY UP,0.9178359829059829,0.0821640170940171,0.59,0.4,0.321876386946387,-0.321876386946387,UP:EARLY:STRONG
2026-02-13T16:32:12.246Z,2.200,12.796,TREND_UP,BUY UP,0.9184828092243187,0.08151719077568131,0.59,0.4,0.3225232132647228,-0.3225232132647228,UP:EARLY:STRONG
2026-02-13T16:32:13.485Z,2.221,12.775,TREND_UP,BUY UP,0.9178085534591194,0.08219144654088062,0.6,0.39,0.3117479473985133,-0.31174794739851336,UP:EARLY:STRONG
2026-02-13T16:32:14.723Z,2.241,12.755,TREND_UP,BUY UP,0.9171337526205451,0.08286624737945492,0.63,0.35,0.2742766097634022,-0.27427660976340223,UP:EARLY:STRONG
2026-02-13T16:32:15.988Z,2.262,12.734,TREND_UP,BUY UP,0.9164436897274633,0.08355631027253674,0.69,0.3,0.21947399275776636,-0.2194739927577663,UP:EARLY:GOOD
2026-02-13T16:32:17.233Z,2.283,12.713,TREND_UP,BUY UP,0.9157656184486374,0.08423438155136265,0.69,0.29,0.21168398579557612,-0.21168398579557612,UP:EARLY:GOOD
2026-02-13T16:32:18.481Z,2.304,12.692,TREND_UP,BUY UP,0.915084821802935,0.08491517819706496,0.69,0.3,0.21811512483323814,-0.21811512483323808,UP:EARLY:GOOD
2026-02-13T16:32:19.736Z,2.325,12.671,TREND_UP,BUY UP,0.9144018448637317,0.08559815513626834,0.69,0.29,0.21032021221067043,-0.21032021221067043,UP:EARLY:GOOD
2026-02-13T16:32:21.014Z,2.346,12.650,TREND_UP,BUY UP,0.913705786163522,0.08629421383647795,0.71,0.28,0.19653406899180492,-0.19653406899180492,UP:EARLY:GOOD
2026-02-13T16:32:22.269Z,2.367,12.629,TREND_UP,BUY UP,0.9130211740041929,0.08697882599580709,0.73,0.26,0.17564743663045557,-0.17564743663045557,UP:EARLY:GOOD
2026-02-13T16:32:23.508Z,2.388,12.608,TREND_UP,BUY UP,0.9123447379454926,0.08765526205450735,0.73,0.26,0.1749710005717553,-0.1749710005717553,UP:EARLY:GOOD
2026-02-13T16:32:24.764Z,2.409,12.587,TREND_UP,BUY UP,0.911661215932914,0.08833878406708595,0.74,0.25,0.16418646845816653,-0.1641864684581666,UP:EARLY:GOOD
2026-02-13T16:32:26.035Z,2.430,12.566,TREND_UP,BUY UP,0.9109695178197065,0.08903048218029352,0.74,0.25,0.16349477034495896,-0.16349477034495902,UP:EARLY:GOOD
2026-02-13T16:32:27.286Z,2.451,12.545,TREND_UP,BUY UP,0.911537848324515,0.08846215167548499,0.75,0.24,0.15396209074875744,-0.15396209074875744,UP:EARLY:GOOD
2026-02-13T16:32:28.532Z,2.472,12.525,TREND_UP,BUY UP,0.9108582539682539,0.08914174603174607,0.78,0.21,0.12297946608946597,-0.12297946608946606,UP:EARLY:GOOD
2026-02-13T16:32:29.782Z,2.492,12.504,TREND_UP,NO TRADE,0.8996206699874351,0.10037933001256494,0.81,0.16,0.06456912359568245,-0.06456912359568248,NO_TRADE
2026-02-13T16:32:31.054Z,2.513,12.482,TREND_UP,NO TRADE,0.8947977060495331,0.10520229395046687,0.81,0.15,0.051047706049533126,-0.0510477060495331,NO_TRADE
2026-02-13T16:32:32.311Z,2.535,12.462,TREND_UP,NO TRADE,0.8878451442602824,0.11215485573971762,0.84,0.14,0.030702287117425286,-0.03070228711742526,NO_TRADE
2026-02-13T16:32:33.559Z,2.555,12.441,TREND_UP,BUY UP,0.9057425739408473,0.09425742605915266,0.81,0.18,0.08756075575902911,-0.08756075575902916,UP:EARLY:OPTIONAL
2026-02-13T16:32:34.812Z,2.576,12.420,TREND_UP,NO TRADE,0.9001797927426832,0.09982020725731677,0.82,0.17,0.07189696445985494,-0.07189696445985497,NO_TRADE
2026-02-13T16:32:36.075Z,2.597,12.399,TREND_UP,BUY UP,0.9052757971795562,0.0947242028204438,0.8,0.18,0.08894926656731128,-0.08894926656731131,UP:EARLY:OPTIONAL
2026-02-13T16:32:37.322Z,2.618,12.378,TREND_UP,BUY UP,0.906051340388007,0.09394865961199295,0.79,0.2,0.10807154240820904,-0.1080715424082091,UP:EARLY:OPTIONAL
2026-02-13T16:32:38.570Z,2.639,12.357,TREND_UP,BUY UP,0.9053701058201059,0.09462989417989409,0.78,0.21,0.11749131794131795,-0.11749131794131804,UP:EARLY:OPTIONAL
2026-02-13T16:32:39.818Z,2.660,12.336,TREND_UP,BUY UP,0.9046883245149913,0.09531167548500874,0.77,0.22,0.12691054673721347,-0.1269105467372135,UP:EARLY:GOOD
2026-02-13T16:32:41.090Z,2.680,12.315,TREND_UP,BUY UP,0.9039912345679012,0.0960087654320988,0.76,0.23,0.13631446689113347,-0.13631446689113355,UP:EARLY:GOOD
2026-02-13T16:32:42.382Z,2.702,12.294,TREND_UP,BUY UP,0.9032848500881835,0.09671514991181651,0.76,0.23,0.13560808241141575,-0.13560808241141584,UP:EARLY:GOOD
2026-02-13T16:32:43.638Z,2.723,12.273,TREND_UP,BUY UP,0.902599241622575,0.09740075837742501,0.75,0.24,0.14502348404681742,-0.14502348404681742,UP:EARLY:GOOD
2026-02-13T16:32:44.901Z,2.744,12.252,TREND_UP,BUY UP,0.9019092592592592,0.09809074074074076,0.73,0.26,0.1645355218855219,-0.1645355218855219,UP:EARLY:GOOD
2026-02-13T16:32:46.151Z,2.765,12.231,TREND_UP,BUY UP,0.901225291005291,0.09877470899470897,0.73,0.26,0.16385155363155368,-0.16385155363155368,UP:EARLY:GOOD
2026-02-13T16:32:47.395Z,2.786,12.210,TREND_UP,BUY UP,0.9005451499118166,0.09945485008818344,0.73,0.26,0.1631714125380792,-0.1631714125380792,UP:EARLY:GOOD
2026-02-13T16:32:48.642Z,2.807,12.189,TREND_UP,BUY UP,0.8998622751322751,0.10013772486772488,0.72,0.27,0.17258954785954783,-0.1725895478595479,UP:EARLY:GOOD
2026-02-13T16:32:49.920Z,2.827,12.168,TREND_UP,BUY UP,0.8991646384479719,0.1008353615520281,0.7,0.29,0.19209393137726483,-0.19209393137726483,UP:EARLY:GOOD
2026-02-13T16:32:51.185Z,2.849,12.147,TREND_UP,BUY UP,0.8984730158730159,0.10152698412698413,0.71,0.28,0.18130129870129874,-0.18130129870129874,UP:EARLY:GOOD
2026-02-13T16:32:52.861Z,2.870,12.119,TREND_UP,BUY UP,0.8975555908289242,0.10244440917107578,0.74,0.25,0.1500808433541767,-0.15008084335417676,UP:EARLY:GOOD
2026-02-13T16:32:54.551Z,2.898,12.091,TREND_UP,BUY UP,0.8966326984126984,0.10336730158730156,0.76,0.22,0.12112249433106581,-0.12112249433106578,UP:EARLY:GOOD
2026-02-13T16:32:55.824Z,2.926,12.070,TREND_UP,BUY UP,0.8959367019400353,0.10406329805996473,0.77,0.22,0.11815892416225748,-0.11815892416225751,UP:EARLY:OPTIONAL
2026-02-13T16:32:57.068Z,2.947,12.049,TREND_UP,BUY UP,0.8952560141093475,0.10474398589065248,0.78,0.21,0.10737722623055956,-0.10737722623055965,UP:EARLY:OPTIONAL
2026-02-13T16:32:58.309Z,2.968,12.028,TREND_UP,BUY UP,0.8945764197530864,0.10542358024691356,0.79,0.2,0.09659662177328843,-0.09659662177328848,UP:EARLY:OPTIONAL
2026-02-13T16:32:59.562Z,2.989,12.007,TREND_UP,BUY UP,0.8938929982363316,0.10610700176366838,0.8,0.19,0.08581219015552344,-0.08581219015552355,UP:EARLY:OPTIONAL
2026-02-13T16:33:00.844Z,3.009,11.986,TREND_UP,BUY UP,0.8931920811287477,0.1068079188712523,0.8,0.19,0.08511127304793953,-0.08511127304793964,UP:EARLY:OPTIONAL
2026-02-13T16:33:02.754Z,3.031,11.954,TREND_UP,BUY UP,0.8909549685534591,0.10904503144654087,0.8,0.19,0.08287416047265095,-0.08287416047265106,UP:EARLY:OPTIONAL
2026-02-13T16:33:04.653Z,3.063,11.922,TREND_UP,NO TRADE,0.881677392739274,0.11832260726072596,0.82,0.17,0.05339456445644575,-0.053394564456445776,NO_TRADE
2026-02-13T16:33:05.914Z,3.095,11.902,TREND_UP,BUY UP,0.8892319916142557,0.1107680083857443,0.8,0.19,0.08115118353344752,-0.08115118353344764,UP:EARLY:OPTIONAL
2026-02-13T16:33:07.160Z,3.115,11.881,TREND_UP,NO TRADE,0.8858705128205128,0.11412948717948723,0.81,0.18,0.06768869463869454,-0.06768869463869459,NO_TRADE
2026-02-13T16:33:08.422Z,3.136,11.860,TREND_UP,NO TRADE,0.8851868376068376,0.11481316239316242,0.81,0.18,0.06700501942501935,-0.06700501942501941,NO_TRADE
2026-02-13T16:33:10.107Z,3.157,11.832,TREND_UP,NO TRADE,0.8842747293447293,0.11572527065527072,0.81,0.18,0.06609291116291105,-0.0660929111629111,NO_TRADE
2026-02-13T16:33:11.363Z,3.185,11.811,TREND_UP,NO TRADE,0.8780977832783279,0.12190221672167212,0.82,0.17,0.049814954995499594,-0.04981495499549962,NO_TRADE
2026-02-13T16:33:12.604Z,3.206,11.790,TREND_UP,NO TRADE,0.8829236182336182,0.1170763817663818,0.81,0.18,0.06474180005179997,-0.06474180005180002,NO_TRADE
2026-02-13T16:33:13.850Z,3.227,11.769,TREND_UP,NO TRADE,0.8822486039886039,0.11775139601139606,0.81,0.18,0.06406678580678571,-0.06406678580678576,NO_TRADE
2026-02-13T16:33:15.134Z,3.248,11.748,TREND_UP,BUY UP,0.8842080503144654,0.11579194968553463,0.79,0.2,0.08622825233466735,-0.08622825233466741,UP:EARLY:OPTIONAL
2026-02-13T16:33:16.387Z,3.269,11.727,TREND_UP,BUY UP,0.8835223480083858,0.1164776519916142,0.79,0.2,0.0855425500285878,-0.08554255002858785,UP:EARLY:OPTIONAL
2026-02-13T16:33:17.652Z,3.290,11.706,TREND_UP,BUY UP,0.882834465408805,0.11716553459119505,0.79,0.2,0.08485466742900694,-0.08485466742900699,UP:EARLY:OPTIONAL
2026-02-13T16:33:18.912Z,3.311,11.685,TREND_UP,BUY UP,0.8821471278825996,0.11785287211740036,0.79,0.2,0.08416732990280162,-0.08416732990280168,UP:EARLY:OPTIONAL
2026-02-13T16:33:20.214Z,3.332,11.663,TREND_UP,BUY UP,0.8814374423480084,0.11856255765199164,0.79,0.2,0.08345764436821035,-0.0834576443682104,UP:EARLY:OPTIONAL
2026-02-13T16:33:21.465Z,3.354,11.642,TREND_UP,BUY UP,0.8807561006289308,0.11924389937106916,0.79,0.2,0.08277630264913283,-0.08277630264913288,UP:EARLY:OPTIONAL
2026-02-13T16:33:22.713Z,3.374,11.622,TREND_UP,BUY UP,0.8800753039832285,0.11992469601677147,0.77,0.22,0.10229752620545074,-0.10229752620545077,UP:EARLY:OPTIONAL
2026-02-13T16:33:23.973Z,3.395,11.601,TREND_UP,NO TRADE,0.8793896016771489,0.12061039832285114,0.8,0.19,0.07130879359634068,-0.07130879359634079,NO_TRADE
2026-02-13T16:33:25.220Z,3.416,11.580,TREND_UP,NO TRADE,0.8760944444444444,0.1239055555555556,0.81,0.18,0.057912626262626166,-0.05791262626262622,NO_TRADE
2026-02-13T16:33:26.469Z,3.437,11.559,TREND_UP,NO TRADE,0.8754172649572649,0.1245827350427351,0.81,0.18,0.057235446775446674,-0.05723544677544673,NO_TRADE
2026-02-13T16:33:27.714Z,3.458,11.538,TREND_UP,NO TRADE,0.8773493920335429,0.1226506079664571,0.8,0.19,0.06926858395273472,-0.06926858395273483,NO_TRADE
2026-02-13T16:33:28.969Z,3.479,11.517,TREND_UP,NO TRADE,0.8766647798742139,0.12333522012578613,0.8,0.19,0.0685839717934057,-0.0685839717934058,NO_TRADE
2026-02-13T16:33:30.217Z,3.500,11.496,TREND_UP,NO TRADE,0.8680376347634764,0.1319623652365236,0.82,0.17,0.03975480648064811,-0.039754806480648136,NO_TRADE
2026-02-13T16:33:31.467Z,3.520,11.476,TREND_UP,NO TRADE,0.8727123361823361,0.12728766381766388,0.81,0.18,0.05453051800051789,-0.05453051800051795,NO_TRADE
2026-02-14T08:23:51.866Z,8.848,6.136,TREND_UP,NO TRADE,0.695632077294686,0.304367922705314,0.32,0.67,0.37239975406236275,-0.3723997540623628,NO_TRADE
2026-02-14T08:23:53.116Z,8.881,6.115,TREND_UP,NO TRADE,0.6949646376811595,0.30503536231884054,0.32,0.67,0.3717323144488362,-0.37173231444883625,NO_TRADE
2026-02-14T08:23:54.366Z,8.902,6.094,TREND_UP,NO TRADE,0.69430038647343,0.30569961352657005,0.31,0.68,0.3811690733421168,-0.3811690733421169,NO_TRADE
2026-02-14T08:23:55.630Z,8.923,6.073,TREND_UP,NO TRADE,0.6936281642512078,0.30637183574879223,0.28,0.71,0.4107998814229249,-0.4107998814229249,NO_TRADE
2026-02-14T08:23:56.877Z,8.944,6.052,TREND_UP,NO TRADE,0.6929655072463768,0.30703449275362316,0.27,0.72,0.4202382345191041,-0.42023823451910414,NO_TRADE
2026-02-14T08:23:58.122Z,8.965,6.031,TREND_UP,NO TRADE,0.6923039130434783,0.30769608695652173,0.27,0.72,0.4195766403162055,-0.41957664031620556,NO_TRADE
2026-02-14T08:23:59.369Z,8.986,6.011,TREND_UP,NO TRADE,0.6916412560386473,0.30835874396135265,0.27,0.72,0.4189139833113746,-0.41891398331137464,NO_TRADE
2026-02-14T08:24:00.650Z,9.006,5.989,TREND_UP,NO TRADE,0.69096,0.30904,0.29,0.7,0.3980307070707071,-0.3980307070707071,NO_TRADE
2026-02-14T08:24:01.895Z,9.028,5.968,TREND_UP,NO TRADE,0.6902994685990339,0.3097005314009661,0.29,0.7,0.397370175669741,-0.397370175669741,NO_TRADE
2026-02-14T08:24:03.146Z,9.048,5.948,TREND_UP,BUY UP,0.6911728571428571,0.30882714285714286,0.29,0.7,0.3982435642135642,-0.3982435642135642,UP:MID:GOOD
2026-02-14T08:24:04.393Z,9.069,5.927,TREND_UP,BUY UP,0.6905053571428572,0.3094946428571428,0.29,0.7,0.3975760642135643,-0.3975760642135643,UP:MID:GOOD
2026-02-14T08:24:05.668Z,9.090,5.906,TREND_UP,BUY UP,0.6898223214285715,0.31017767857142853,0.28,0.71,0.4069940386002886,-0.4069940386002886,UP:MID:GOOD
2026-02-14T08:24:06.916Z,9.111,5.885,TREND_UP,BUY UP,0.68915375,0.31084625,0.28,0.71,0.40632546717171714,-0.40632546717171714,UP:MID:GOOD
2026-02-14T08:24:08.160Z,9.132,5.864,TREND_UP,BUY UP,0.6884873214285714,0.3115126785714286,0.28,0.71,0.4056590386002885,-0.4056590386002885,UP:MID:GOOD
2026-02-14T08:24:09.416Z,9.153,5.843,TREND_UP,BUY UP,0.6878139285714286,0.31218607142857135,0.28,0.71,0.4049856457431458,-0.4049856457431458,UP:MID:GOOD
2026-02-14T08:24:10.689Z,9.174,5.822,TREND_UP,BUY UP,0.6871330357142857,0.31286696428571426,0.28,0.71,0.40430475288600287,-0.40430475288600287,UP:MID:GOOD
2026-02-14T08:24:11.938Z,9.195,5.801,TREND_UP,BUY UP,0.6864633928571429,0.31353660714285714,0.28,0.71,0.40363511002886,-0.40363511002886,UP:MID:GOOD
2026-02-14T08:24:13.187Z,9.216,5.780,TREND_UP,BUY UP,0.6857958928571428,0.3142041071428572,0.28,0.71,0.40296761002885995,-0.40296761002885995,UP:MID:GOOD
2026-02-14T08:24:14.440Z,9.237,5.759,TREND_UP,BUY UP,0.6851241071428571,0.3148758928571429,0.28,0.71,0.4022958243145742,-0.4022958243145742,UP:MID:GOOD
2026-02-14T08:24:15.731Z,9.258,5.738,TREND_UP,BUY UP,0.6844330357142857,0.3155669642857143,0.28,0.71,0.40160475288600284,-0.40160475288600284,UP:MID:GOOD
2026-02-14T08:24:16.983Z,9.279,5.717,TREND_UP,BUY UP,0.68376125,0.31623875,0.28,0.71,0.4009329671717171,-0.4009329671717171,UP:MID:GOOD
2026-02-14T08:24:18.230Z,9.300,5.696,TREND_UP,BUY UP,0.6830932142857143,0.31690678571428565,0.28,0.71,0.40026493145743147,-0.40026493145743147,UP:MID:GOOD
2026-02-14T08:24:19.480Z,9.321,5.675,TREND_UP,BUY UP,0.6824241071428572,0.3175758928571428,0.28,0.71,0.3995958243145743,-0.3995958243145743,UP:MID:GOOD
2026-02-14T08:24:20.733Z,9.342,5.654,TREND_UP,BUY UP,0.68175125,0.31824874999999997,0.28,0.71,0.39892296717171716,-0.39892296717171716,UP:MID:GOOD
2026-02-14T08:24:21.986Z,9.362,5.634,TREND_UP,BUY UP,0.6810810714285714,0.31891892857142856,0.28,0.71,0.39825278860028857,-0.39825278860028857,UP:MID:GOOD
2026-02-14T08:24:23.232Z,9.383,5.613,TREND_UP,BUY UP,0.6804125000000001,0.3195874999999999,0.29,0.7,0.38748320707070716,-0.38748320707070716,UP:MID:GOOD
2026-02-14T08:24:24.482Z,9.404,5.592,TREND_UP,BUY UP,0.6797439285714286,0.3202560714285714,0.29,0.7,0.3868146356421357,-0.3868146356421357,UP:MID:GOOD
2026-02-14T08:24:25.751Z,9.425,5.571,TREND_UP,BUY UP,0.6790667857142858,0.3209332142857142,0.28,0.71,0.39623850288600293,-0.39623850288600293,UP:MID:GOOD
2026-02-14T08:24:27.003Z,9.446,5.550,TREND_UP,BUY UP,0.6783933928571428,0.32160660714285716,0.27,0.72,0.4056661201298701,-0.40566612012987013,UP:MID:GOOD
2026-02-14T08:24:28.256Z,9.467,5.529,TREND_UP,BUY UP,0.6777216071428571,0.3222783928571429,0.26,0.73,0.41509534451659447,-0.41509534451659447,UP:MID:GOOD
2026-02-14T08:24:29.508Z,9.488,5.508,TREND_UP,BUY UP,0.6770514285714286,0.32294857142857136,0.26,0.73,0.414425165945166,-0.414425165945166,UP:MID:GOOD
2026-02-14T08:24:30.762Z,9.509,5.487,TREND_UP,BUY UP,0.6763791071428572,0.3236208928571428,0.26,0.73,0.41375284451659455,-0.41375284451659455,UP:MID:GOOD
2026-02-14T08:24:32.009Z,9.530,5.467,TREND_UP,BUY UP,0.6757110714285715,0.32428892857142855,0.26,0.73,0.4130848088023088,-0.4130848088023088,UP:MID:GOOD
2026-02-14T08:24:33.263Z,9.550,5.446,TREND_UP,BUY UP,0.6750419642857144,0.3249580357142856,0.27,0.72,0.40231469155844163,-0.4023146915584417,UP:MID:GOOD
2026-02-14T08:24:34.519Z,9.571,5.425,TREND_UP,BUY UP,0.6743669642857143,0.3256330357142857,0.28,0.69,0.3857071704712813,-0.3857071704712812,UP:MID:GOOD
2026-02-14T08:24:35.825Z,9.592,5.403,TREND_UP,BUY UP,0.6736673214285714,0.32633267857142856,0.28,0.71,0.39083903860028857,-0.39083903860028857,UP:MID:GOOD
2026-02-14T08:24:37.068Z,9.614,5.382,TREND_UP,BUY UP,0.6730008928571429,0.32699910714285707,0.28,0.71,0.39017261002886006,-0.39017261002886006,UP:MID:GOOD
2026-02-14T08:24:38.342Z,9.635,5.361,TREND_UP,BUY UP,0.6723194642857143,0.3276805357142857,0.28,0.71,0.38949118145743145,-0.38949118145743145,UP:MID:GOOD
2026-02-14T08:24:39.598Z,9.656,5.340,TREND_UP,BUY UP,0.6716471428571429,0.3283528571428571,0.28,0.71,0.38881886002886,-0.38881886002886,UP:MID:GOOD
2026-02-14T08:24:41.289Z,9.677,5.312,TREND_UP,BUY UP,0.6707396428571428,0.3292603571428572,0.27,0.72,0.39801237012987006,-0.3980123701298701,UP:MID:GOOD
2026-02-14T08:24:42.550Z,9.705,5.291,TREND_UP,BUY UP,0.6700646428571428,0.32993535714285716,0.28,0.71,0.38723636002885997,-0.38723636002885997,UP:MID:GOOD
2026-02-14T08:24:43.794Z,9.726,5.270,TREND_UP,BUY UP,0.6693971428571428,0.3306028571428572,0.28,0.71,0.38656886002885993,-0.38656886002885993,UP:MID:GOOD
2026-02-14T08:24:45.473Z,9.747,5.242,TREND_UP,BUY UP,0.66849875,0.33150124999999997,0.27,0.72,0.39577147727272727,-0.3957714772727273,UP:MID:GOOD
2026-02-14T08:24:47.174Z,9.775,5.214,TREND_UP,BUY UP,0.6675885714285714,0.3324114285714286,0.27,0.72,0.39486129870129866,-0.3948612987012987,UP:MID:GOOD
2026-02-14T08:24:48.432Z,9.803,5.193,TREND_UP,BUY UP,0.6669141071428571,0.33308589285714285,0.27,0.72,0.3941868344155844,-0.39418683441558444,UP:MID:GOOD
2026-02-14T08:24:49.680Z,9.824,5.172,TREND_UP,BUY UP,0.6662455357142857,0.3337544642857143,0.27,0.72,0.3935182629870129,-0.393518262987013,UP:MID:GOOD
2026-02-14T08:24:51.352Z,9.845,5.144,TREND_UP,BUY UP,0.6653498214285715,0.33465017857142854,0.27,0.72,0.3926225487012987,-0.39262254870129876,UP:MID:GOOD
2026-02-15T10:54:15.415Z,9.242,5.747,TREND_DOWN,NO TRADE,0.48873176470588237,0.5112682352941176,0.68,0.29,-0.21229916312916924,0.21229916312916913,NO_TRADE
2026-02-15T10:54:16.657Z,9.274,5.722,TREND_DOWN,NO TRADE,0.488779477124183,0.511220522875817,0.68,0.31,-0.19808920974450395,0.19808920974450384,NO_TRADE
2026-02-15T10:54:18.055Z,9.294,5.699,TREND_DOWN,NO TRADE,0.4888252287581699,0.5111747712418301,0.65,0.34,-0.16774042780748666,0.1677404278074866,NO_TRADE
2026-02-15T10:54:19.301Z,9.318,5.678,TREND_DOWN,NO TRADE,0.48886591503267973,0.5111340849673203,0.66,0.3309950248756219,-0.1771313739878535,0.17713137398785345,NO_TRADE
2026-02-15T10:54:20.572Z,9.339,5.657,TREND_DOWN,NO TRADE,0.4889074509803922,0.5110925490196079,0.67,0.29,-0.20900921568627456,0.20900921568627456,NO_TRADE
2026-02-15T10:54:21.822Z,9.360,5.636,TREND_DOWN,NO TRADE,0.4889483660130719,0.5110516339869281,0.7,0.29,-0.21812234105763517,0.21812234105763517,NO_TRADE
2026-02-15T10:54:23.728Z,9.380,5.605,TREND_DOWN,NO TRADE,0.48901065359477125,0.5109893464052288,0.7,0.29,-0.21806005347593582,0.21806005347593582,NO_TRADE
2026-02-15T10:54:24.970Z,9.412,5.584,TREND_DOWN,NO TRADE,0.4890511764705882,0.5109488235294117,0.7,0.29,-0.21801953060011886,0.2180195306001188,NO_TRADE
2026-02-15T10:54:26.654Z,9.433,5.556,TREND_DOWN,NO TRADE,0.48910624183006535,0.5108937581699347,0.7,0.29,-0.21796446524064172,0.21796446524064172,NO_TRADE
2026-02-15T10:54:28.336Z,9.461,5.528,TREND_DOWN,NO TRADE,0.4891612418300654,0.5108387581699346,0.68,0.31,-0.1977074450386216,0.19770744503862148,NO_TRADE
2026-02-15T10:54:29.586Z,9.489,5.507,TREND_DOWN,NO TRADE,0.4892020588235294,0.5107979411764706,0.67,0.32,-0.1875656179441474,0.18756561794414733,NO_TRADE
2026-02-15T10:54:30.838Z,9.510,5.486,TREND_DOWN,NO TRADE,0.48924297385620913,0.5107570261437908,0.67,0.32,-0.18752470291146767,0.18752470291146756,NO_TRADE
2026-02-15T10:54:32.083Z,9.531,5.465,TREND_DOWN,NO TRADE,0.48928366013071894,0.5107163398692811,0.67,0.32,-0.18748401663695785,0.18748401663695785,NO_TRADE
2026-02-15T10:54:33.338Z,9.552,5.444,TREND_DOWN,NO TRADE,0.48932470588235294,0.5106752941176471,0.67,0.32,-0.18744297088532386,0.18744297088532386,NO_TRADE
2026-02-15T10:54:34.592Z,9.573,5.424,TREND_DOWN,NO TRADE,0.48936565359477124,0.5106343464052288,0.67,0.32,-0.18740202317290555,0.1874020231729055,NO_TRADE
2026-02-15T10:54:35.841Z,9.593,5.403,TREND_DOWN,NO TRADE,0.48940650326797386,0.5105934967320261,0.67,0.32,-0.18736117349970294,0.18736117349970288,NO_TRADE
2026-02-15T10:54:37.084Z,9.614,5.382,TREND_DOWN,NO TRADE,0.4894471568627451,0.5105528431372549,0.67,0.32,-0.1873205199049317,0.18732051990493165,NO_TRADE
2026-02-15T10:54:38.353Z,9.635,5.361,TREND_DOWN,NO TRADE,0.48948859477124185,0.5105114052287582,0.67,0.31,-0.19418487461651335,0.19418487461651324,NO_TRADE
2026-02-15T10:54:40.033Z,9.656,5.333,TREND_DOWN,NO TRADE,0.48954349673202613,0.5104565032679739,0.68,0.31,-0.19732519013666083,0.19732519013666072,NO_TRADE
2026-02-15T10:54:41.284Z,9.684,5.312,TREND_DOWN,NO TRADE,0.4895843790849673,0.5104156209150327,0.68,0.31,-0.19728430778371964,0.19728430778371953,NO_TRADE
2026-02-15T10:54:42.537Z,9.705,5.291,TREND_DOWN,NO TRADE,0.48962532679738563,0.5103746732026144,0.68,0.31,-0.19724336007130133,0.19724336007130128,NO_TRADE
2026-02-15T10:54:43.785Z,9.726,5.270,TREND_DOWN,NO TRADE,0.48966611111111114,0.5103338888888889,0.68,0.31,-0.19720257575757583,0.19720257575757572,NO_TRADE
2026-02-15T10:54:45.472Z,9.747,5.242,TREND_DOWN,NO TRADE,0.4897212418300654,0.5102787581699346,0.69,0.3,-0.20724845513963153,0.20724845513963158,NO_TRADE
2026-02-15T10:54:46.713Z,9.775,5.221,TREND_DOWN,NO TRADE,0.4897617973856209,0.510238202614379,0.69,0.3,-0.20720789958407598,0.20720789958407598,NO_TRADE
2026-02-15T10:54:47.960Z,9.795,5.201,TREND_DOWN,NO TRADE,0.48980254901960785,0.5101974509803922,0.69,0.3,-0.20716714795008906,0.20716714795008911,NO_TRADE
2026-02-15T10:54:49.211Z,9.816,5.180,TREND_DOWN,NO TRADE,0.48984343137254904,0.510156568627451,0.69,0.3,-0.20712626559714786,0.20712626559714792,NO_TRADE
2026-02-15T10:54:50.445Z,9.837,5.159,TREND_DOWN,NO TRADE,0.4898837908496732,0.5101162091503268,0.69,0.3,-0.2070859061200237,0.2070859061200238,NO_TRADE
2026-02-15T10:54:51.695Z,9.858,5.138,TREND_DOWN,NO TRADE,0.4899246405228758,0.5100753594771241,0.69,0.3,-0.20704505644682109,0.20704505644682109,NO_TRADE
2026-02-15T10:54:52.957Z,9.879,5.117,TREND_DOWN,NO TRADE,0.4899658496732026,0.5100341503267973,0.69,0.3,-0.2070038472964943,0.2070038472964943,NO_TRADE
2026-02-15T10:54:54.208Z,9.899,5.097,TREND_DOWN,NO TRADE,0.4900067320261438,0.5099932679738561,0.69,0.3,-0.2069629649435531,0.2069629649435531,NO_TRADE
2026-02-15T10:54:55.452Z,9.920,5.076,TREND_DOWN,NO TRADE,0.49004738562091504,0.5099526143790849,0.69,0.3,-0.20692231134878186,0.20692231134878186,NO_TRADE
2026-02-15T10:54:56.701Z,9.941,5.055,TREND_DOWN,NO TRADE,0.49008823529411766,0.5099117647058824,0.69,0.3,-0.20688146167557925,0.20688146167557936,NO_TRADE
2026-02-15T10:54:57.938Z,9.962,5.034,TREND_DOWN,NO TRADE,0.49012866013071893,0.5098713398692811,0.69,0.3,-0.20684103683897798,0.2068410368389781,NO_TRADE
2026-02-15T10:54:59.184Z,9.982,5.014,TREND_DOWN,NO TRADE,0.49016934640522875,0.5098306535947712,0.69,0.3,-0.20680035056446816,0.20680035056446816,NO_TRADE
2026-02-15T10:55:00.429Z,10.003,4.993,TREND_DOWN,NO TRADE,0.49021003267973856,0.5097899673202615,0.69,0.3,-0.20675966428995834,0.20675966428995846,NO_TRADE
2026-02-15T10:55:01.664Z,10.024,4.972,TREND_DOWN,NO TRADE,0.4902503921568627,0.5097496078431373,0.77,0.22,-0.28752738562091507,0.28752738562091507,NO_TRADE
2026-02-15T10:55:02.931Z,10.045,4.951,TREND_DOWN,NO TRADE,0.5211589743589744,0.4788410256410256,0.81,0.18,-0.29702284382284383,0.2970228438228438,NO_TRADE
2026-02-15T10:55:04.306Z,10.066,4.928,TREND_DOWN,NO TRADE,0.449612789449113,0.550387210550887,0.82,0.17,-0.3786700388337153,0.3786700388337153,NO_TRADE
2026-02-15T10:55:05.801Z,10.089,4.903,TREND_DOWN,NO TRADE,0.44986788048552756,0.5501321195144724,0.82,0.17,-0.3784149477973007,0.37841494779730067,NO_TRADE
2026-02-15T10:55:07.044Z,10.113,4.883,TREND_DOWN,NO TRADE,0.4500793487394958,0.5499206512605042,0.82,0.17,-0.3782034795433325,0.37820347954333244,NO_TRADE
2026-02-15T10:55:08.282Z,10.134,4.862,TREND_DOWN,NO TRADE,0.45270141154029564,0.5472985884597044,0.8,0.19,-0.35537939654051254,0.3553793965405124,NO_TRADE
2026-02-15T10:55:09.523Z,10.155,4.841,TREND_DOWN,NO TRADE,0.45389222222222225,0.5461077777777777,0.77,0.22,-0.32388555555555554,0.32388555555555554,NO_TRADE
2026-02-15T10:55:11.194Z,10.175,4.813,TREND_DOWN,NO TRADE,0.4541573015873016,0.5458426984126984,0.77,0.22,-0.3236204761904762,0.3236204761904762,NO_TRADE
2026-02-15T10:55:08.950Z,10.145,4.851,TREND_DOWN,NO TRADE,0.4538011111111111,0.5461988888888889,0.78,0.21,-0.33407767676767686,0.33407767676767675,NO_TRADE
2026-02-15T10:55:10.191Z,10.166,4.830,TREND_DOWN,NO TRADE,0.453998253968254,0.546001746031746,0.78,0.21,-0.33388053391053396,0.33388053391053385,NO_TRADE
2026-02-15T10:55:11.437Z,10.187,4.809,TREND_DOWN,NO TRADE,0.454195873015873,0.545804126984127,0.78,0.21,-0.33368291486291496,0.3336829148629148,NO_TRADE
2026-02-15T10:55:12.689Z,10.207,4.789,TREND_DOWN,NO TRADE,0.4543946031746032,0.5456053968253969,0.78,0.21,-0.3334841847041848,0.3334841847041847,NO_TRADE
2026-02-15T10:55:13.936Z,10.228,4.768,TREND_DOWN,NO TRADE,0.4545926984126984,0.5454073015873016,0.78,0.21,-0.33328608946608956,0.3332860894660894,NO_TRADE
2026-02-15T10:55:15.188Z,10.249,4.747,TREND_DOWN,NO TRADE,0.4547915873015873,0.5452084126984127,0.76,0.22,-0.3207186167800453,0.3207186167800453,NO_TRADE
2026-02-15T10:55:16.430Z,10.270,4.726,TREND_DOWN,NO TRADE,0.4549884126984127,0.5450115873015873,0.76,0.22,-0.3205217913832199,0.3205217913832199,NO_TRADE
2026-02-15T10:55:17.682Z,10.291,4.705,TREND_DOWN,NO TRADE,0.45518714285714285,0.5448128571428572,0.77,0.22,-0.32259063492063494,0.322590634920635,NO_TRADE
2026-02-15T10:55:19.367Z,10.312,4.677,TREND_DOWN,NO TRADE,0.4554546031746032,0.5445453968253968,0.76,0.23,-0.31222216450216456,0.31222216450216445,NO_TRADE
2026-02-15T10:55:21.059Z,10.340,4.649,TREND_DOWN,NO TRADE,0.45572349206349205,0.544276507936508,0.76,0.23,-0.3119532756132757,0.31195327561327557,NO_TRADE
2026-02-15T10:55:22.312Z,10.368,4.628,TREND_DOWN,NO TRADE,0.4559220634920635,0.5440779365079365,0.76,0.23,-0.31175470418470425,0.3117547041847041,NO_TRADE
2026-02-15T10:55:23.701Z,10.389,4.605,TREND_DOWN,NO TRADE,0.4561426984126984,0.5438573015873016,0.76,0.23,-0.31153406926406935,0.31153406926406924,NO_TRADE
2026-02-15T10:55:24.939Z,10.412,4.584,TREND_DOWN,NO TRADE,0.45633904761904764,0.5436609523809524,0.77,0.22,-0.32143873015873015,0.32143873015873015,NO_TRADE
2026-02-15T10:55:26.191Z,10.433,4.564,TREND_DOWN,NO TRADE,0.4565379365079365,0.5434620634920635,0.77,0.22,-0.3212398412698413,0.3212398412698413,NO_TRADE
2026-02-15T10:55:27.440Z,10.453,4.543,TREND_DOWN,NO TRADE,0.4567360317460317,0.5432639682539683,0.77,0.22,-0.32104174603174607,0.32104174603174607,NO_TRADE
2026-02-15T10:55:28.794Z,10.474,4.520,TREND_DOWN,NO TRADE,0.4569509523809524,0.5430490476190476,0.77,0.22,-0.3208268253968254,0.3208268253968254,NO_TRADE
2026-02-15T10:55:30.033Z,10.497,4.499,TREND_DOWN,NO TRADE,0.45714777777777776,0.5428522222222223,0.77,0.22,-0.32063,0.3206300000000001,NO_TRADE
2026-02-15T10:55:31.702Z,10.517,4.472,TREND_DOWN,NO TRADE,0.45741269841269844,0.5425873015873015,0.77,0.22,-0.32036507936507935,0.3203650793650793,NO_TRADE
2026-02-15T10:55:32.948Z,10.545,4.451,TREND_DOWN,NO TRADE,0.45761031746031744,0.5423896825396826,0.77,0.22,-0.32016746031746035,0.32016746031746035,NO_TRADE
2026-02-15T10:55:34.630Z,10.566,4.423,TREND_DOWN,NO TRADE,0.4578773015873016,0.5421226984126983,0.77,0.22,-0.3199004761904762,0.3199004761904761,NO_TRADE
2026-02-15T10:55:35.887Z,10.594,4.402,TREND_DOWN,NO TRADE,0.4580766666666667,0.5419233333333333,0.77,0.22,-0.3197011111111111,0.3197011111111111,NO_TRADE
2026-02-15T10:55:37.136Z,10.615,4.381,TREND_DOWN,NO TRADE,0.4582753968253968,0.5417246031746032,0.76,0.23,-0.3094013708513709,0.30940137085137087,NO_TRADE
2026-02-15T10:55:38.389Z,10.636,4.360,TREND_DOWN,NO TRADE,0.458474126984127,0.541525873015873,0.76,0.23,-0.30920264069264075,0.3092026406926406,NO_TRADE
2026-02-15T10:55:39.637Z,10.657,4.339,TREND_DOWN,NO TRADE,0.4586720634920635,0.5413279365079364,0.76,0.23,-0.3090047041847042,0.30900470418470405,NO_TRADE
2026-02-15T10:55:40.879Z,10.677,4.319,TREND_DOWN,NO TRADE,0.4588690476190476,0.5411309523809524,0.74,0.24,-0.29623299319727886,0.29623299319727897,NO_TRADE
2026-02-15T10:55:42.131Z,10.698,4.298,TREND_DOWN,NO TRADE,0.45906825396825396,0.540931746031746,0.73,0.26,-0.2783054834054834,0.27830548340548333,NO_TRADE
2026-02-15T10:55:43.380Z,10.719,4.277,TREND_DOWN,NO TRADE,0.4592661904761905,0.5407338095238094,0.74,0.25,-0.288208556998557,0.2882085569985569,NO_TRADE
2026-02-15T10:55:44.629Z,10.740,4.256,TREND_DOWN,NO TRADE,0.4594646031746032,0.5405353968253968,0.74,0.25,-0.2880101443001443,0.2880101443001442,NO_TRADE
2026-02-15T10:55:45.874Z,10.761,4.235,TREND_DOWN,NO TRADE,0.45966222222222225,0.5403377777777778,0.74,0.25,-0.28781252525252526,0.28781252525252526,NO_TRADE
2026-02-15T10:55:47.115Z,10.781,4.215,TREND_DOWN,NO TRADE,0.45985920634920635,0.5401407936507936,0.74,0.25,-0.28761554112554116,0.28761554112554105,NO_TRADE
2026-02-15T10:55:48.359Z,10.802,4.194,TREND_DOWN,NO TRADE,0.46005666666666667,0.5399433333333333,0.69,0.3,-0.23691303030303024,0.2369130303030303,NO_TRADE
2026-02-15T10:55:49.641Z,10.823,4.173,TREND_DOWN,NO TRADE,0.46026015873015874,0.5397398412698413,0.69,0.3,-0.23670953823953816,0.23670953823953828,NO_TRADE
2026-02-15T10:55:50.884Z,10.844,4.152,TREND_DOWN,NO TRADE,0.4604574603174603,0.5395425396825397,0.63,0.35,-0.18239968253968258,0.18239968253968258,NO_TRADE
2026-02-15T10:55:52.124Z,10.865,4.131,TREND_DOWN,NO TRADE,0.4606542857142857,0.5393457142857143,0.62,0.37,-0.16560834054834062,0.16560834054834056,NO_TRADE
2026-02-15T10:55:53.368Z,10.885,4.111,TREND_DOWN,NO TRADE,0.46085174603174606,0.5391482539682539,0.68,0.31,-0.2260169408369409,0.2260169408369408,NO_TRADE
2026-02-15T10:55:54.612Z,10.906,4.090,TREND_DOWN,NO TRADE,0.4610493650793651,0.5389506349206349,0.68,0.31,-0.22581932178932185,0.22581932178932174,NO_TRADE
2026-02-15T10:55:55.863Z,10.927,4.069,TREND_DOWN,NO TRADE,0.4612476190476191,0.5387523809523809,0.68,0.31,-0.2256210678210679,0.22562106782106772,NO_TRADE
2026-02-15T10:55:57.106Z,10.948,4.048,TREND_DOWN,NO TRADE,0.4614452380952381,0.5385547619047619,0.68,0.31,-0.2254234487734489,0.22542344877344878,NO_TRADE
2026-02-15T10:55:58.347Z,10.968,4.028,TREND_DOWN,NO TRADE,0.46164190476190475,0.5383580952380953,0.72,0.26,-0.2730519727891157,0.2730519727891157,NO_TRADE
2026-02-15T10:55:59.585Z,10.989,4.007,TREND_DOWN,NO TRADE,0.46183857142857143,0.5381614285714286,0.66,0.33,-0.2048280952380953,0.2048280952380952,NO_TRADE
2026-02-15T10:56:00.832Z,11.010,3.986,TREND_DOWN,NO TRADE,0.43356388888888886,0.5664361111111111,0.63,0.36,-0.2027997474747475,0.2027997474747475,NO_TRADE
2026-02-15T10:56:02.077Z,11.031,3.965,TREND_DOWN,NO TRADE,0.43390944444444446,0.5660905555555555,0.63,0.36,-0.2024541919191919,0.2024541919191919,NO_TRADE
2026-02-15T10:56:03.332Z,11.052,3.945,TREND_DOWN,NO TRADE,0.4342580555555556,0.5657419444444445,0.63,0.36,-0.20210558080808078,0.20210558080808083,NO_TRADE
2026-02-15T10:56:04.576Z,11.072,3.924,TREND_DOWN,NO TRADE,0.43460333333333334,0.5653966666666667,0.63,0.36,-0.201760303030303,0.201760303030303,NO_TRADE
2026-02-15T10:56:05.828Z,11.093,3.903,TREND_DOWN,NO TRADE,0.43495194444444446,0.5650480555555555,0.63,0.36,-0.2014116919191919,0.20141169191919184,NO_TRADE
2026-02-15T10:56:07.522Z,11.114,3.875,TREND_DOWN,NO TRADE,0.43542194444444443,0.5645780555555555,0.63,0.36,-0.20094169191919192,0.20094169191919187,NO_TRADE
2026-02-15T10:56:08.764Z,11.142,3.854,TREND_DOWN,NO TRADE,0.43576666666666664,0.5642333333333334,0.66,0.33,-0.2309000000000001,0.2309,NO_TRADE
2026-02-15T10:56:10.013Z,11.163,3.833,TREND_DOWN,NO TRADE,0.4361138888888889,0.5638861111111111,0.66,0.33,-0.23055277777777783,0.23055277777777772,NO_TRADE
2026-02-15T10:56:11.268Z,11.184,3.812,TREND_DOWN,NO TRADE,0.43646277777777776,0.5635372222222222,0.66,0.33,-0.23020388888888899,0.23020388888888887,NO_TRADE
2026-02-15T10:56:12.515Z,11.205,3.791,TREND_DOWN,NO TRADE,0.4368088888888889,0.5631911111111111,0.66,0.33,-0.22985777777777783,0.22985777777777772,NO_TRADE
2026-02-15T10:56:13.756Z,11.225,3.771,TREND_DOWN,NO TRADE,0.4371536111111111,0.5628463888888888,0.63,0.36,-0.19921002525252524,0.19921002525252518,NO_TRADE
2026-02-15T10:56:14.995Z,11.246,3.750,TREND_DOWN,NO TRADE,0.43749805555555554,0.5625019444444445,0.62,0.37,-0.18876457070707076,0.1887645707070707,NO_TRADE
2026-02-15T10:56:16.442Z,11.267,3.726,TREND_DOWN,NO TRADE,0.43789972222222223,0.5621002777777777,0.62,0.37,-0.18836290404040407,0.18836290404040396,NO_TRADE
2026-02-15T10:56:17.682Z,11.291,3.705,TREND_DOWN,NO TRADE,0.43824416666666666,0.5617558333333333,0.62,0.37,-0.18801845959595964,0.1880184595959596,NO_TRADE
2026-02-15T10:56:18.928Z,11.311,3.685,TREND_DOWN,NO TRADE,0.43859027777777776,0.5614097222222223,0.62,0.37,-0.18767234848484854,0.18767234848484854,NO_TRADE
2026-02-15T10:56:20.608Z,11.332,3.657,TREND_DOWN,NO TRADE,0.43905666666666665,0.5609433333333333,0.62,0.37,-0.18720595959595965,0.1872059595959596,NO_TRADE
2026-02-15T10:56:21.859Z,11.360,3.636,TREND_DOWN,NO TRADE,0.43940444444444443,0.5605955555555555,0.62,0.37,-0.18685818181818187,0.18685818181818176,NO_TRADE
2026-02-15T10:56:23.100Z,11.381,3.615,TREND_DOWN,NO TRADE,0.43974916666666664,0.5602508333333334,0.62,0.37,-0.18651345959595966,0.1865134595959596,NO_TRADE
2026-02-15T10:56:24.783Z,11.402,3.587,TREND_DOWN,NO TRADE,0.44021666666666665,0.5597833333333333,0.62,0.37,-0.18604595959595965,0.18604595959595954,NO_TRADE
2026-02-15T10:56:26.022Z,11.430,3.566,TREND_DOWN,NO TRADE,0.4405611111111111,0.5594388888888888,0.62,0.37,-0.18570151515151517,0.18570151515151506,NO_TRADE
2026-02-15T10:56:27.270Z,11.450,3.546,TREND_DOWN,NO TRADE,0.4409075,0.5590925,0.62,0.37,-0.1853551262626263,0.18535512626262624,NO_TRADE
2026-02-15T10:56:28.946Z,11.471,3.518,TREND_DOWN,NO TRADE,0.4413736111111111,0.5586263888888889,0.61,0.38,-0.174788005050505,0.17478800505050507,NO_TRADE
2026-02-15T10:56:30.186Z,11.499,3.497,TREND_DOWN,NO TRADE,0.4417175,0.5582825,0.59,0.4,-0.15424209595959593,0.15424209595959593,NO_TRADE
2026-02-15T10:56:31.437Z,11.520,3.476,TREND_DOWN,NO TRADE,0.44206527777777777,0.5579347222222222,0.59,0.4,-0.15389431818181815,0.1538943181818181,NO_TRADE
2026-02-15T10:56:32.688Z,11.541,3.455,TREND_DOWN,NO TRADE,0.44241277777777777,0.5575872222222222,0.59,0.4,-0.15354681818181815,0.15354681818181815,NO_TRADE
2026-02-15T10:56:34.361Z,11.562,3.427,TREND_DOWN,NO TRADE,0.44287722222222226,0.5571227777777777,0.59,0.4,-0.15308237373737366,0.15308237373737366,NO_TRADE
2026-02-15T10:56:36.259Z,11.589,3.396,TREND_DOWN,NO TRADE,0.4434047222222222,0.5565952777777778,0.59,0.4,-0.1525548737373737,0.15255487373737375,NO_TRADE
2026-02-15T10:56:37.511Z,11.621,3.375,TREND_DOWN,NO TRADE,0.4437522222222222,0.5562477777777778,0.59,0.4,-0.1522073737373737,0.1522073737373737,NO_TRADE
2026-02-15T10:56:38.758Z,11.642,3.354,TREND_DOWN,NO TRADE,0.4440986111111111,0.5559013888888888,0.59,0.4,-0.15186098484848481,0.15186098484848476,NO_TRADE
2026-02-15T10:56:40.012Z,11.663,3.333,TREND_DOWN,NO TRADE,0.44444694444444444,0.5555530555555556,0.6,0.39,-0.16161366161616164,0.16161366161616159,NO_TRADE
2026-02-15T10:56:41.265Z,11.684,3.312,TREND_DOWN,NO TRADE,0.4447952777777778,0.5552047222222223,0.6,0.39,-0.1612653282828283,0.1612653282828283,NO_TRADE
2026-02-15T10:56:42.558Z,11.705,3.291,TREND_DOWN,NO TRADE,0.44515444444444446,0.5548455555555556,0.58,0.41,-0.1407041414141414,0.14070414141414145,NO_TRADE
2026-02-15T10:56:43.811Z,11.726,3.270,TREND_DOWN,NO TRADE,0.44550222222222224,0.5544977777777778,0.58,0.41,-0.1403563636363636,0.1403563636363636,NO_TRADE
2026-02-15T10:56:45.058Z,11.747,3.249,TREND_DOWN,NO TRADE,0.4458486111111111,0.5541513888888889,0.57,0.42,-0.12990896464646456,0.12990896464646468,NO_TRADE
2026-02-15T10:56:46.294Z,11.768,3.228,TREND_DOWN,NO TRADE,0.4461922222222222,0.5538077777777778,0.55,0.44,-0.10936333333333337,0.10936333333333331,NO_TRADE
2026-02-15T10:56:47.545Z,11.788,3.208,TREND_DOWN,NO TRADE,0.4465397222222222,0.5534602777777777,0.54,0.45,-0.09891482323232331,0.09891482323232315,NO_TRADE
2026-02-15T10:56:48.790Z,11.809,3.187,TREND_DOWN,NO TRADE,0.44688555555555554,0.5531144444444445,0.54,0.45,-0.09856898989898999,0.09856898989898988,NO_TRADE
2026-02-15T10:56:50.032Z,11.830,3.166,TREND_DOWN,NO TRADE,0.4472305555555556,0.5527694444444444,0.54,0.45,-0.09822398989898995,0.09822398989898984,NO_TRADE
2026-02-15T10:56:51.271Z,11.851,3.146,TREND_DOWN,NO TRADE,0.4475747222222222,0.5524252777777778,0.54,0.45,-0.0978798232323233,0.09787982323232325,NO_TRADE
2026-02-15T10:56:52.512Z,11.871,3.125,TREND_DOWN,NO TRADE,0.44791916666666665,0.5520808333333334,0.54,0.45,-0.09753537878787888,0.09753537878787877,NO_TRADE
2026-02-15T10:56:53.752Z,11.892,3.104,TREND_DOWN,NO TRADE,0.4482638888888889,0.5517361111111111,0.54,0.45,-0.09719065656565662,0.09719065656565651,NO_TRADE
2026-02-15T10:56:54.991Z,11.913,3.084,TREND_DOWN,NO TRADE,0.44860777777777777,0.5513922222222223,0.54,0.45,-0.09684676767676775,0.0968467676767677,NO_TRADE
2026-02-15T10:56:56.229Z,11.933,3.063,TREND_DOWN,NO TRADE,0.4489519444444444,0.5510480555555556,0.54,0.45,-0.09650260101010111,0.096502601010101,NO_TRADE
2026-02-15T10:56:57.471Z,11.954,3.042,TREND_DOWN,NO TRADE,0.44929694444444446,0.5507030555555555,0.56,0.43,-0.11635962121212129,0.11635962121212118,NO_TRADE
2026-02-15T10:56:58.719Z,11.975,3.021,TREND_DOWN,NO TRADE,0.4496438888888889,0.550356111111111,0.54,0.45,-0.09581065656565663,0.09581065656565646,NO_TRADE
2026-02-15T10:56:59.973Z,11.996,3.000,TREND_DOWN,NO TRADE,0.44999194444444446,0.5500080555555555,0.54,0.45,-0.09546260101010107,0.09546260101010096,NO_TRADE
2026-02-15T10:57:01.218Z,12.016,2.980,TREND_DOWN,NO TRADE,0.43378407407407404,0.566215925925926,0.54,0.45,-0.11167047138047148,0.11167047138047137,NO_TRADE
2026-02-15T10:57:02.501Z,12.037,2.958,TREND_DOWN,NO TRADE,0.43425925925925923,0.5657407407407408,0.51,0.48,-0.0808922558922559,0.0808922558922559,NO_TRADE
2026-02-15T10:57:03.745Z,12.058,2.938,TREND_DOWN,NO TRADE,0.43472,0.56528,0.48,0.51,-0.05012848484848487,0.05012848484848487,NO_TRADE
2026-02-15T10:57:05.017Z,12.079,2.916,TREND_DOWN,NO TRADE,0.43519037037037034,0.5648096296296297,0.47,0.52,-0.03955710437710441,0.03955710437710436,NO_TRADE
2026-02-15T10:57:06.263Z,12.100,2.896,TREND_DOWN,NO TRADE,0.4356525925925926,0.5643474074074074,0.47,0.52,-0.03909488215488216,0.039094882154882105,NO_TRADE
2026-02-15T10:57:07.511Z,12.121,2.875,TREND_DOWN,NO TRADE,0.4361144444444444,0.5638855555555555,0.47,0.52,-0.038633030303030336,0.038633030303030225,NO_TRADE
2026-02-15T10:57:08.772Z,12.142,2.854,TREND_DOWN,NO TRADE,0.43658148148148146,0.5634185185185185,0.48,0.51,-0.0482670033670034,0.0482670033670034,NO_TRADE
2026-02-15T10:57:10.019Z,12.163,2.833,TREND_DOWN,NO TRADE,0.4370437037037037,0.5629562962962963,0.49,0.5,-0.05790579124579126,0.057905791245791205,NO_TRADE
2026-02-15T10:57:11.263Z,12.184,2.812,TREND_DOWN,NO TRADE,0.43750407407407405,0.5624959259259259,0.5,0.46,-0.08332925925925933,0.08332925925925921,NO_TRADE
2026-02-15T10:57:12.521Z,12.205,2.791,TREND_DOWN,NO TRADE,0.4379692592592592,0.5620307407407408,0.57,0.42,-0.13778831649831647,0.13778831649831652,NO_TRADE
2026-02-15T10:57:13.892Z,12.226,2.769,TREND_DOWN,NO TRADE,0.43847740740740737,0.5615225925925926,0.55,0.44,-0.11707814814814821,0.11707814814814815,NO_TRADE
2026-02-15T10:57:15.145Z,12.248,2.748,TREND_DOWN,NO TRADE,0.43894185185185186,0.5610581481481481,0.55,0.44,-0.11661370370370372,0.11661370370370366,NO_TRADE
2026-02-15T10:57:16.383Z,12.269,2.727,TREND_DOWN,NO TRADE,0.43940074074074076,0.5605992592592592,0.54,0.45,-0.10605380471380477,0.10605380471380466,NO_TRADE
2026-02-15T10:57:17.637Z,12.290,2.706,TREND_DOWN,NO TRADE,0.4398648148148148,0.5601351851851852,0.45,0.54,-0.014680639730639766,0.01468063973063971,NO_TRADE
2026-02-15T10:57:18.887Z,12.311,2.685,TREND_DOWN,NO TRADE,0.44032814814814814,0.5596718518518519,0.44,0.55,-0.00411629629629634,0.004116296296296285,NO_TRADE
2026-02-15T10:57:20.127Z,12.331,2.665,TREND_DOWN,NO TRADE,0.44078666666666666,0.5592133333333333,0.43,0.56,0.006443232323232295,-0.006443232323232406,NO_TRADE
2026-02-15T10:57:21.370Z,12.352,2.644,TREND_DOWN,NO TRADE,0.4412474074074074,0.5587525925925926,0.43,0.56,0.006903973063973057,-0.006903973063973168,NO_TRADE
2026-02-15T10:57:22.621Z,12.373,2.623,TREND_DOWN,NO TRADE,0.4417111111111111,0.5582888888888888,0.45,0.54,-0.012834343434343476,0.01283434343434331,NO_TRADE
2026-02-15T10:57:23.856Z,12.394,2.602,TREND_DOWN,NO TRADE,0.44216814814814814,0.5578318518518519,0.4,0.59,0.038127744107744055,-0.038127744107744,NO_TRADE
2026-02-15T10:57:25.121Z,12.414,2.581,TREND_DOWN,NO TRADE,0.4426366666666667,0.5573633333333333,0.4,0.57,0.030265532646048088,-0.030265532646048032,NO_TRADE
2026-02-15T10:57:26.447Z,12.435,2.559,TREND_DOWN,NO TRADE,0.4431277777777778,0.5568722222222222,0.39,0.6,0.04918838383838381,-0.049188383838383865,NO_TRADE
2026-02-15T10:57:27.688Z,12.457,2.539,TREND_DOWN,NO TRADE,0.44358740740740743,0.5564125925925926,0.39,0.6,0.04964801346801345,-0.04964801346801351,NO_TRADE
2026-02-15T10:57:28.924Z,12.478,2.518,TREND_DOWN,NO TRADE,0.44404518518518515,0.5559548148148148,0.39,0.6,0.050105791245791176,-0.05010579124579129,NO_TRADE
2026-02-15T10:57:30.204Z,12.499,2.497,TREND_DOWN,NO TRADE,0.4445192592592592,0.5554807407407407,0.39,0.6,0.05057986531986525,-0.05057986531986536,NO_TRADE
2026-02-15T10:57:31.455Z,12.520,2.476,TREND_DOWN,NO TRADE,0.4449825925925926,0.5550174074074075,0.38,0.61,0.06114420875420873,-0.06114420875420867,NO_TRADE
2026-02-15T10:57:32.720Z,12.541,2.455,TREND_DOWN,NO TRADE,0.44545111111111113,0.5545488888888889,0.39,0.6,0.05151171717171715,-0.05151171717171721,NO_TRADE
2026-02-15T10:57:33.963Z,12.562,2.434,TREND_DOWN,NO TRADE,0.44591148148148146,0.5540885185185185,0.39,0.6,0.051972087542087486,-0.0519720875420876,NO_TRADE
2026-02-15T10:57:35.238Z,12.583,2.413,TREND_DOWN,NO TRADE,0.4463837037037037,0.5536162962962963,0.38,0.6,0.058628601662887414,-0.058628601662887414,NO_TRADE
2026-02-15T10:57:36.479Z,12.604,2.392,TREND_DOWN,NO TRADE,0.4468433333333333,0.5531566666666667,0.37,0.62,0.07310595959595956,-0.07310595959595956,NO_TRADE
2026-02-15T10:57:37.721Z,12.625,2.371,TREND_DOWN,NO TRADE,0.4473037037037037,0.5526962962962962,0.37,0.61,0.06975268329554046,-0.06975268329554052,NO_TRADE
2026-02-15T10:57:38.970Z,12.646,2.351,TREND_DOWN,NO TRADE,0.44776555555555553,0.5522344444444445,0.38,0.61,0.06392717171717166,-0.06392717171717166,NO_TRADE
2026-02-15T10:57:40.257Z,12.666,2.329,TREND_DOWN,NO TRADE,0.4482422222222222,0.5517577777777778,0.38,0.61,0.06440383838383834,-0.06440383838383834,NO_TRADE
2026-02-15T10:57:41.500Z,12.688,2.308,TREND_DOWN,NO TRADE,0.4487025925925926,0.5512974074074074,0.39,0.6,0.05476319865319862,-0.054763198653198675,NO_TRADE
2026-02-15T10:57:43.198Z,12.709,2.280,TREND_DOWN,NO TRADE,0.4493314814814815,0.5506685185185185,0.4,0.59,0.04529107744107741,-0.04529107744107741,NO_TRADE
2026-02-15T10:57:44.446Z,12.737,2.259,TREND_DOWN,NO TRADE,0.4497937037037037,0.5502062962962964,0.45,0.54,-0.00475175084175089,0.004751750841750835,NO_TRADE
2026-02-15T10:57:45.721Z,12.758,2.238,TREND_DOWN,NO TRADE,0.45026666666666665,0.5497333333333334,0.46,0.53,-0.014379797979798048,0.014379797979798048,NO_TRADE
2026-02-15T10:57:46.975Z,12.779,2.217,TREND_DOWN,NO TRADE,0.4507307407407407,0.5492692592592593,0.46,0.53,-0.013915723905723987,0.013915723905723931,NO_TRADE
2026-02-15T10:57:48.226Z,12.800,2.196,TREND_DOWN,NO TRADE,0.4511940740740741,0.5488059259259259,0.46,0.53,-0.013452390572390616,0.01345239057239056,NO_TRADE
2026-02-15T10:57:49.578Z,12.821,2.174,TREND_DOWN,NO TRADE,0.4516948148148148,0.5483051851851852,0.46,0.53,-0.01295164983164987,0.01295164983164987,NO_TRADE
2026-02-15T10:57:50.833Z,12.843,2.153,TREND_DOWN,NO TRADE,0.45215962962962963,0.5478403703703704,0.46,0.53,-0.012486835016835063,0.012486835016835007,NO_TRADE
2026-02-15T10:57:52.088Z,12.864,2.132,TREND_DOWN,NO TRADE,0.45262407407407407,0.5473759259259259,0.46,0.53,-0.012022390572390629,0.012022390572390518,NO_TRADE
2026-02-15T10:57:53.778Z,12.885,2.104,TREND_DOWN,NO TRADE,0.45325037037037036,0.5467496296296297,0.48,0.51,-0.0315981144781145,0.03159811447811456,NO_TRADE
2026-02-15T10:57:55.016Z,12.913,2.083,TREND_DOWN,NO TRADE,0.4537088888888889,0.5462911111111111,0.5,0.49,-0.0513416161616162,0.05134161616161609,NO_TRADE
2026-02-15T10:57:56.255Z,12.934,2.062,TREND_DOWN,NO TRADE,0.4541677777777778,0.5458322222222223,0.5,0.49,-0.0508827272727273,0.0508827272727273,NO_TRADE
2026-02-15T10:57:57.499Z,12.954,2.042,TREND_DOWN,NO TRADE,0.45462888888888886,0.5453711111111111,0.52,0.47,-0.07062363636363644,0.07062363636363639,NO_TRADE
2026-02-15T10:57:58.742Z,12.975,2.021,TREND_DOWN,NO TRADE,0.4550888888888889,0.5449111111111111,0.53,0.46,-0.08026464646464648,0.08026464646464643,NO_TRADE
2026-02-15T10:57:59.984Z,12.996,2.000,TREND_DOWN,NO TRADE,0.4555488888888889,0.5444511111111111,0.53,0.46,-0.07980464646464647,0.07980464646464641,NO_TRADE
2026-02-15T10:58:01.235Z,13.016,1.979,TREND_DOWN,NO TRADE,0.4560122222222222,0.5439877777777777,0.54,0.45,-0.08944232323232332,0.08944232323232315,NO_TRADE
2026-02-15T10:58:02.479Z,13.037,1.959,TREND_DOWN,NO TRADE,0.45647296296296297,0.5435270370370371,0.57,0.42,-0.11928461279461272,0.11928461279461283,NO_TRADE
2026-02-15T10:58:03.720Z,13.058,1.938,TREND_DOWN,NO TRADE,0.4569325925925926,0.5430674074074073,0.58,0.41,-0.12892599326599324,0.1289259932659932,NO_TRADE
2026-02-15T10:58:04.963Z,13.079,1.917,TREND_DOWN,NO TRADE,0.4573933333333333,0.5426066666666667,0.58,0.41,-0.12846525252525254,0.12846525252525254,NO_TRADE
2026-02-15T10:58:06.201Z,13.099,1.897,TREND_DOWN,NO TRADE,0.4578511111111111,0.5421488888888889,0.58,0.41,-0.12800747474747476,0.12800747474747476,NO_TRADE
2026-02-15T10:58:07.442Z,13.120,1.876,TREND_DOWN,NO TRADE,0.4583114814814815,0.5416885185185185,0.58,0.41,-0.12754710437710437,0.12754710437710437,NO_TRADE
2026-02-15T10:58:08.691Z,13.141,1.855,TREND_DOWN,NO TRADE,0.4587737037037037,0.5412262962962964,0.58,0.41,-0.12708488215488217,0.12708488215488223,NO_TRADE
2026-02-15T10:58:09.954Z,13.162,1.834,TREND_DOWN,NO TRADE,0.4592414814814815,0.5407585185185185,0.54,0.45,-0.08621306397306405,0.08621306397306394,NO_TRADE
2026-02-15T10:58:11.201Z,13.183,1.813,TREND_DOWN,NO TRADE,0.4597037037037037,0.5402962962962963,0.52,0.4609950248756219,-0.07037034031698808,0.07037034031698802,NO_TRADE
2026-02-15T10:58:12.445Z,13.204,1.793,TREND_DOWN,NO TRADE,0.46016444444444443,0.5398355555555556,0.42,0.5709950248756219,0.03634798779501425,-0.03634798779501425,NO_TRADE
2026-02-15T10:58:13.678Z,13.224,1.772,TREND_DOWN,NO TRADE,0.4606211111111111,0.5393788888888889,0.39,0.59,0.0626619274376417,-0.06266192743764176,NO_TRADE
2026-02-15T10:58:14.932Z,13.245,1.751,TREND_DOWN,NO TRADE,0.4610855555555555,0.5389144444444445,0.36,0.63,0.09744919191919188,-0.09744919191919188,NO_TRADE
2026-02-15T10:58:16.212Z,13.266,1.730,TREND_DOWN,NO TRADE,0.46155888888888885,0.5384411111111111,0.38,0.61,0.07772050505050498,-0.07772050505050498,NO_TRADE
2026-02-15T10:58:18.115Z,13.287,1.698,TREND_DOWN,NO TRADE,0.4622644444444444,0.5377355555555556,0.38,0.61,0.07842606060606055,-0.0784260606060605,NO_TRADE
2026-02-15T10:58:19.785Z,13.319,1.670,TREND_DOWN,NO TRADE,0.46288296296296294,0.5371170370370371,0.37,0.62,0.08914558922558918,-0.08914558922558924,NO_TRADE
2026-02-15T10:58:21.032Z,13.347,1.649,TREND_DOWN,NO TRADE,0.46334444444444445,0.5366555555555556,0.38,0.61,0.07950606060606058,-0.07950606060606058,NO_TRADE
2026-02-15T10:58:22.273Z,13.367,1.629,TREND_DOWN,NO TRADE,0.4638040740740741,0.5361959259259259,0.38,0.61,0.07996569023569022,-0.07996569023569022,NO_TRADE
2026-02-15T10:58:23.519Z,13.388,1.608,TREND_DOWN,NO TRADE,0.4642659259259259,0.5357340740740741,0.37,0.61,0.08671490551776267,-0.08671490551776262,NO_TRADE
2026-02-15T10:58:24.760Z,13.409,1.587,TREND_DOWN,NO TRADE,0.4647251851851852,0.5352748148148148,0.38,0.61,0.08088680134680132,-0.08088680134680137,NO_TRADE
2026-02-15T10:58:26.429Z,13.429,1.560,TREND_DOWN,NO TRADE,0.46534333333333333,0.5346566666666667,0.38,0.61,0.08150494949494946,-0.08150494949494946,NO_TRADE
2026-02-15T10:58:27.671Z,13.457,1.539,TREND_DOWN,NO TRADE,0.46580333333333335,0.5341966666666667,0.38,0.61,0.08196494949494948,-0.08196494949494948,NO_TRADE
2026-02-15T10:58:28.920Z,13.478,1.518,TREND_DOWN,NO TRADE,0.4662659259259259,0.5337340740740741,0.38,0.6,0.0785108238851096,-0.07851082388510955,NO_TRADE
2026-02-15T10:58:30.163Z,13.499,1.497,TREND_DOWN,NO TRADE,0.4667262962962963,0.5332737037037036,0.39,0.6,0.07278690235690233,-0.07278690235690244,NO_TRADE
2026-02-15T10:58:31.406Z,13.519,1.477,TREND_DOWN,NO TRADE,0.46718629629629627,0.5328137037037037,0.38,0.61,0.0833479124579124,-0.0833479124579124,NO_TRADE
2026-02-15T10:58:32.649Z,13.540,1.456,TREND_DOWN,NO TRADE,0.4676462962962963,0.5323537037037037,0.38,0.61,0.08380791245791241,-0.08380791245791241,NO_TRADE
2026-02-15T10:58:33.901Z,13.561,1.435,TREND_DOWN,NO TRADE,0.4681107407407407,0.5318892592592592,0.38,0.61,0.08427235690235685,-0.0842723569023569,NO_TRADE
2026-02-15T10:58:35.164Z,13.582,1.414,TREND_DOWN,NO TRADE,0.46857814814814813,0.5314218518518519,0.37,0.62,0.09484077441077438,-0.09484077441077443,NO_TRADE
2026-02-15T10:58:36.418Z,13.603,1.393,TREND_DOWN,NO TRADE,0.46904259259259257,0.5309574074074075,0.37,0.62,0.09530521885521881,-0.09530521885521881,NO_TRADE
2026-02-15T10:58:37.661Z,13.624,1.372,TREND_DOWN,NO TRADE,0.46950333333333333,0.5304966666666666,0.37,0.62,0.09576595959595957,-0.09576595959595968,NO_TRADE
2026-02-15T10:58:38.917Z,13.645,1.351,TREND_DOWN,NO TRADE,0.46996814814814813,0.5300318518518519,0.37,0.62,0.09623077441077438,-0.09623077441077443,NO_TRADE
2026-02-15T10:58:40.180Z,13.665,1.330,TREND_DOWN,NO TRADE,0.4704362962962963,0.5295637037037038,0.37,0.62,0.09669892255892254,-0.09669892255892254,NO_TRADE
2026-02-15T10:58:41.434Z,13.687,1.309,TREND_DOWN,NO TRADE,0.47090074074074073,0.5290992592592593,0.37,0.62,0.09716336700336697,-0.09716336700336703,NO_TRADE
2026-02-15T10:58:42.691Z,13.707,1.289,TREND_DOWN,NO TRADE,0.4713659259259259,0.528634074074074,0.34,0.65,0.12793158249158243,-0.12793158249158254,NO_TRADE
2026-02-15T10:58:43.940Z,13.728,1.268,TREND_DOWN,NO TRADE,0.4718292592592592,0.5281707407407408,0.33,0.66,0.13849592592592586,-0.13849592592592597,NO_TRADE
2026-02-15T10:58:45.199Z,13.749,1.247,TREND_DOWN,NO TRADE,0.4722955555555556,0.5277044444444444,0.33,0.66,0.1389622222222222,-0.13896222222222232,NO_TRADE
2026-02-15T10:58:46.542Z,13.770,1.224,TREND_DOWN,NO TRADE,0.47279185185185185,0.5272081481481481,0.34,0.65,0.12935750841750837,-0.12935750841750848,NO_TRADE
2026-02-15T10:58:47.797Z,13.793,1.203,TREND_DOWN,NO TRADE,0.4732574074074074,0.5267425925925926,0.34,0.65,0.12982306397306392,-0.12982306397306398,NO_TRADE
2026-02-15T10:58:49.051Z,13.814,1.183,TREND_DOWN,NO TRADE,0.47372185185185184,0.5262781481481482,0.34,0.65,0.13028750841750836,-0.13028750841750836,NO_TRADE
2026-02-15T10:58:50.290Z,13.834,1.162,TREND_DOWN,NO TRADE,0.47418074074074074,0.5258192592592592,0.34,0.65,0.13074639730639726,-0.13074639730639737,NO_TRADE
2026-02-15T10:58:51.536Z,13.855,1.141,TREND_DOWN,NO TRADE,0.47283055555555553,0.5271694444444445,0.3,0.68,0.1667081065759637,-0.1667081065759638,NO_TRADE
2026-02-15T10:58:52.786Z,13.876,1.120,TREND_DOWN,NO TRADE,0.4733265873015873,0.5266734126984127,0.24,0.75,0.23090234487734485,-0.23090234487734485,NO_TRADE
2026-02-15T10:58:54.039Z,13.897,1.099,TREND_DOWN,NO TRADE,0.4738246031746032,0.5261753968253968,0.26,0.71,0.20578336606120112,-0.20578336606120107,NO_TRADE
2026-02-15T10:58:55.292Z,13.918,1.079,TREND_DOWN,NO TRADE,0.47432103174603174,0.5256789682539682,0.31,0.68,0.1611897186147186,-0.16118971861471876,NO_TRADE
2026-02-15T10:58:56.534Z,13.938,1.058,TREND_DOWN,NO TRADE,0.47481388888888887,0.5251861111111111,0.29,0.7,0.18188459595959594,-0.18188459595959594,NO_TRADE
2026-02-15T10:58:57.782Z,13.959,1.037,TREND_DOWN,NO TRADE,0.4753095238095238,0.5246904761904763,0.29,0.7,0.18238023088023086,-0.1823802308802308,NO_TRADE
2026-02-15T10:58:59.467Z,13.980,1.009,TREND_DOWN,NO TRADE,0.4759777777777778,0.5240222222222222,0.27,0.72,0.20325050505050501,-0.20325050505050513,NO_TRADE
2026-02-15T10:59:00.714Z,14.008,0.988,TREND_DOWN,NO TRADE,0.47804185185185183,0.5219581481481481,0.25,0.74,0.2255165993265993,-0.2255165993265994,NO_TRADE
2026-02-15T10:59:01.953Z,14.029,0.967,TREND_DOWN,NO TRADE,0.47850037037037035,0.5214996296296297,0.26,0.73,0.2158741077441077,-0.21587410774410765,NO_TRADE
2026-02-15T10:59:03.198Z,14.049,0.947,TREND_DOWN,NO TRADE,0.47745873015873014,0.5225412698412699,0.21,0.78,0.26533751803751804,-0.26533751803751804,NO_TRADE
2026-02-15T10:59:04.439Z,14.070,0.926,TREND_DOWN,NO TRADE,0.4785305890909612,0.5214694109090388,0.1809950248756219,0.8,0.2940291183535639,-0.29402911835356393,NO_TRADE
2026-02-15T10:59:05.689Z,14.091,0.905,TREND_DOWN,NO TRADE,0.47844722222222225,0.5215527777777778,0.2,0.78,0.274365589569161,-0.274365589569161,NO_TRADE
2026-02-15T10:59:06.932Z,14.112,0.884,TREND_DOWN,NO TRADE,0.478940873015873,0.5210591269841269,0.21,0.78,0.2668196608946609,-0.266819660894661,NO_TRADE
2026-02-15T10:59:08.175Z,14.132,0.864,TREND_DOWN,NO TRADE,0.47943373015873014,0.5205662698412699,0.2009950248756219,0.79,0.2766123033802774,-0.2766123033802774,NO_TRADE
2026-02-15T10:59:09.414Z,14.153,0.843,TREND_DOWN,NO TRADE,0.48020189064243585,0.5197981093575641,0.19,0.8,0.2882826987232439,-0.2882826987232441,NO_TRADE
2026-02-15T10:59:10.930Z,14.174,0.818,TREND_DOWN,NO TRADE,0.480730475729721,0.519269524270279,0.19,0.79,0.28685292470931284,-0.2868529247093129,NO_TRADE
2026-02-15T10:59:12.182Z,14.199,0.797,TREND_DOWN,NO TRADE,0.48122210933720366,0.5187778906627963,0.19,0.79,0.2873445583167955,-0.2873445583167955,NO_TRADE
2026-02-15T10:59:13.479Z,14.220,0.775,TREND_DOWN,NO TRADE,0.4821069230769231,0.517893076923077,0.18,0.81,0.3002887412587413,-0.3002887412587413,NO_TRADE
2026-02-15T10:59:15.172Z,14.242,0.747,TREND_DOWN,NO TRADE,0.48221071428571427,0.5177892857142857,0.28,0.71,0.1993824314574314,-0.1993824314574314,NO_TRADE
2026-02-15T10:59:16.852Z,14.270,0.719,TREND_DOWN,NO TRADE,0.482877380952381,0.517122619047619,0.24,0.75,0.24045313852813854,-0.24045313852813854,NO_TRADE
2026-02-15T10:59:18.091Z,14.298,0.699,TREND_DOWN,NO TRADE,0.4844774074074074,0.5155225925925926,0.3109950248756219,0.67,0.16745742566483718,-0.16745742566483712,NO_TRADE
2026-02-15T10:59:19.329Z,14.318,0.678,TREND_DOWN,NO TRADE,0.4849362962962963,0.5150637037037037,0.33,0.65,0.14820160241874525,-0.14820160241874536,NO_TRADE
2026-02-15T10:59:20.568Z,14.339,0.657,TREND_DOWN,NO TRADE,0.48539481481481483,0.5146051851851852,0.34,0.6609950248756219,0.1457327869818128,-0.1457327869818129,NO_TRADE
2026-02-15T10:59:21.810Z,14.360,0.637,TREND_DOWN,NO TRADE,0.48585518518518517,0.5141448148148149,0.36,0.63,0.12221882154882152,-0.12221882154882147,NO_TRADE
2026-02-15T10:59:23.482Z,14.380,0.609,TREND_DOWN,NO TRADE,0.48647407407407406,0.5135259259259259,0.35,0.64,0.13293872053872052,-0.13293872053872058,NO_TRADE
2026-02-15T10:59:24.725Z,14.408,0.588,TREND_DOWN,NO TRADE,0.4871529319955407,0.5128470680044592,0.19,0.8,0.2952337400763488,-0.29523374007634895,NO_TRADE
2026-02-15T10:59:25.964Z,14.429,0.567,TREND_DOWN,NO TRADE,0.48850195979899497,0.511498040201005,0.15,0.81,0.332251959798995,-0.332251959798995,NO_TRADE
2026-02-15T10:59:27.212Z,14.450,0.546,TREND_DOWN,NO TRADE,0.4896985623003195,0.5103014376996805,0.12,0.86,0.36724958270848274,-0.36724958270848274,NO_TRADE
2026-02-15T10:59:28.458Z,14.470,0.526,TREND_DOWN,NO TRADE,0.4887526119402985,0.5112473880597015,0.18,0.81,0.3069344301221167,-0.30693443012211674,NO_TRADE
2026-02-15T10:59:29.708Z,14.491,0.505,TREND_DOWN,NO TRADE,0.48878,0.51122,0.2,0.79,0.28675979797979795,-0.286759797979798,NO_TRADE
2026-02-15T10:59:30.955Z,14.512,0.484,TREND_DOWN,NO TRADE,0.4894217539947975,0.5105782460052025,0.19,0.8,0.29750256207560555,-0.29750256207560566,NO_TRADE
2026-02-15T10:59:32.204Z,14.533,0.463,TREND_DOWN,NO TRADE,0.4906419536423841,0.509358046357616,0.15,0.82,0.33600277838465215,-0.3360027783846521,NO_TRADE
2026-02-15T10:59:33.456Z,14.554,0.442,TREND_DOWN,NO TRADE,0.4914982519462137,0.5085017480537863,0.13,0.86,0.3601851206330824,-0.3601851206330824,NO_TRADE
2026-02-15T10:59:34.699Z,14.574,0.422,TREND_DOWN,NO TRADE,0.49207136650868877,0.5079286334913112,0.12,0.87,0.37085924529656755,-0.37085924529656755,NO_TRADE
2026-02-15T10:59:35.960Z,14.595,0.401,TREND_DOWN,NO TRADE,0.49124409513192124,0.5087559048680788,0.19,0.8,0.2993249032127293,-0.2993249032127294,NO_TRADE
2026-02-15T10:59:37.199Z,14.616,0.380,TREND_DOWN,NO TRADE,0.4916956744704571,0.508304325529543,0.19,0.8,0.29977648255126516,-0.2997764825512652,NO_TRADE
2026-02-15T10:59:38.451Z,14.637,0.359,TREND_DOWN,NO TRADE,0.49261085991932524,0.5073891400806747,0.16,0.82,0.32934555379687624,-0.32934555379687624,NO_TRADE
2026-02-15T10:59:39.702Z,14.658,0.338,TREND_DOWN,NO TRADE,0.49377747126436783,0.5062225287356321,0.11,0.88,0.3826663601532567,-0.38266636015325683,NO_TRADE
2026-02-15T10:59:40.982Z,14.679,0.317,TREND_DOWN,NO TRADE,0.49429701572490065,0.5057029842750993,0.1,0.89,0.3932869147147996,-0.3932869147147997,NO_TRADE
2026-02-15T10:59:42.237Z,14.700,0.296,TREND_DOWN,NO TRADE,0.4946738767928115,0.5053261232071885,0.1,0.89,0.3936637757827105,-0.3936637757827105,NO_TRADE
2026-02-15T10:59:43.476Z,14.721,0.275,TREND_DOWN,NO TRADE,0.4949217089276281,0.5050782910723719,0.11,0.87,0.3826768109684444,-0.3826768109684444,NO_TRADE
2026-02-15T10:59:44.714Z,14.741,0.255,TREND_DOWN,NO TRADE,0.49551770061728395,0.504482299382716,0.09,0.9,0.404608609708193,-0.4046086097081931,NO_TRADE
2026-02-15T10:59:45.998Z,14.762,0.233,TREND_DOWN,NO TRADE,0.4957919496855346,0.5042080503144655,0.1,0.88,0.39375113335900397,-0.3937511333590039,NO_TRADE
2026-02-15T10:59:47.239Z,14.783,0.213,TREND_DOWN,NO TRADE,0.496164856743536,0.5038351432564641,0.1,0.88,0.3941240404170054,-0.39412404041700533,NO_TRADE
2026-02-15T10:59:48.918Z,14.804,0.185,TREND_DOWN,NO TRADE,0.49688286404416837,0.5031171359558316,0.07,0.9,0.4247179155905601,-0.42471791559056016,NO_TRADE
2026-02-15T10:59:50.680Z,14.840,0.155,TREND_DOWN,NO TRADE,0.497322657378741,0.502677342621259,0.08,0.9,0.41569000431751646,-0.41569000431751657,NO_TRADE
2026-02-15T10:59:53.495Z,14.887,0.108,TREND_DOWN,NO TRADE,0.49804471698113206,0.5019552830188679,0.1,0.88,0.39600390065460145,-0.39600390065460145,NO_TRADE
2026-02-15T10:59:54.825Z,14.908,0.086,TREND_DOWN,NO TRADE,0.49854883147585277,0.5014511685241472,0.07,0.92,0.42784176076878205,-0.4278417607687822,NO_TRADE
2026-02-15T10:59:56.074Z,14.931,0.065,TREND_DOWN,NO TRADE,0.49892342634489695,0.501076573655103,0.06,0.93,0.43831736573883634,-0.4383173657388364,NO_TRADE
2026-02-15T10:59:57.318Z,14.951,0.045,TREND_DOWN,NO TRADE,0.4992809630738523,0.5007190369261477,0.05,0.94,0.4487759125688018,-0.4487759125688018,NO_TRADE
2026-02-15T10:59:58.563Z,14.972,0.024,TREND_DOWN,NO TRADE,0.4996146390552229,0.500385360944777,0.05,0.94,0.4491095885501724,-0.44910958855017247,NO_TRADE
2026-02-15T10:59:59.810Z,14.993,0.003,TREND_DOWN,NO TRADE,0.49994858283433136,0.5000514171656687,0.05,0.94,0.44944353232928086,-0.4494435323292808,NO_TRADE
2026-02-15T11:00:01.576Z,0.014,14.974,TREND_DOWN,BUY DOWN,0.14348174603174602,0.856518253968254,0.5,0.49,-0.36156875901875907,0.361568759018759,DOWN:EARLY:STRONG
2026-02-15T11:00:03.872Z,0.043,14.936,TREND_DOWN,BUY DOWN,0.21551396825396824,0.7844860317460318,0.49,0.5,-0.27943552669552674,0.27943552669552674,DOWN:EARLY:GOOD
2026-02-15T11:00:05.124Z,0.081,14.915,TREND_DOWN,BUY DOWN,0.2159114285714286,0.7840885714285715,0.51,0.45,-0.3153385714285714,0.3153385714285714,DOWN:EARLY:GOOD
2026-02-15T11:00:06.370Z,0.102,14.894,TREND_DOWN,BUY DOWN,0.21630698412698418,0.7836930158730158,0.51,0.48,-0.29884453102453096,0.2988445310245309,DOWN:EARLY:GOOD
2026-02-15T11:00:07.624Z,0.123,14.873,TREND_DOWN,BUY DOWN,0.21670507936507938,0.7832949206349207,0.54,0.45,-0.32874946608946615,0.3287494660894661,DOWN:EARLY:GOOD
2026-02-15T11:00:09.294Z,0.144,14.845,TREND_DOWN,BUY DOWN,0.21723555555555557,0.7827644444444444,0.54,0.45,-0.32821898989898995,0.3282189898989898,DOWN:EARLY:GOOD
2026-02-15T11:00:10.538Z,0.172,14.824,TREND_DOWN,BUY DOWN,0.21762984126984125,0.7823701587301588,0.57,0.42,-0.35812773448773444,0.35812773448773455,DOWN:EARLY:GOOD
2026-02-15T11:00:12.223Z,0.192,14.796,TREND_DOWN,BUY DOWN,0.2181650793650794,0.7818349206349207,0.55,0.43,-0.34305941043083904,0.34305941043083904,DOWN:EARLY:GOOD
2026-02-15T11:00:13.463Z,0.220,14.776,TREND_DOWN,BUY DOWN,0.2185590476190476,0.7814409523809525,0.55,0.44,-0.336996507936508,0.336996507936508,DOWN:EARLY:GOOD
2026-02-15T11:00:14.711Z,0.241,14.755,TREND_DOWN,BUY DOWN,0.21895555555555557,0.7810444444444444,0.55,0.44,-0.3366,0.33659999999999995,DOWN:EARLY:GOOD
2026-02-15T11:00:15.954Z,0.262,14.734,TREND_DOWN,BUY DOWN,0.18220496732026148,0.8177950326797385,0.55,0.4409950248756219,-0.3727927735301828,0.3727927735301828,DOWN:EARLY:STRONG
2026-02-15T11:00:17.197Z,0.283,14.713,TREND_DOWN,BUY DOWN,0.1826514379084968,0.8173485620915032,0.55,0.44,-0.3729041176470588,0.3729041176470587,DOWN:EARLY:STRONG
2026-02-15T11:00:18.441Z,0.303,14.693,TREND_DOWN,BUY DOWN,0.18309862745098043,0.8169013725490195,0.55,0.44,-0.37245692810457515,0.37245692810457504,DOWN:EARLY:STRONG
2026-02-15T11:00:19.679Z,0.324,14.672,TREND_DOWN,BUY DOWN,0.18354401960784317,0.8164559803921568,0.56,0.43,-0.3821125460487226,0.38211254604872247,DOWN:EARLY:STRONG
2026-02-15T11:00:21.363Z,0.345,14.644,TREND_DOWN,BUY DOWN,0.2210666666666667,0.7789333333333333,0.56,0.43,-0.34458989898989906,0.3445898989898989,DOWN:EARLY:GOOD
2026-02-15T11:00:22.613Z,0.373,14.623,TREND_DOWN,BUY DOWN,0.2214638095238095,0.7785361904761905,0.57,0.42,-0.3542937662337662,0.35429376623376624,DOWN:EARLY:GOOD
2026-02-15T11:00:23.859Z,0.394,14.602,TREND_DOWN,BUY DOWN,0.22185936507936505,0.778140634920635,0.57,0.42,-0.35389821067821065,0.35389821067821076,DOWN:EARLY:GOOD
2026-02-15T11:00:25.103Z,0.414,14.582,TREND_DOWN,BUY DOWN,0.22225396825396826,0.7777460317460317,0.57,0.42,-0.35350360750360743,0.3535036075036075,DOWN:EARLY:GOOD
2026-02-15T11:00:26.347Z,0.435,14.561,TREND_DOWN,BUY DOWN,0.2226488888888889,0.7773511111111111,0.55,0.44,-0.3329066666666667,0.33290666666666663,DOWN:EARLY:GOOD
2026-02-15T11:00:27.602Z,0.456,14.540,TREND_DOWN,BUY DOWN,0.22304730158730163,0.7769526984126984,0.55,0.44,-0.33250825396825395,0.33250825396825395,DOWN:EARLY:GOOD
2026-02-15T11:00:28.848Z,0.477,14.519,TREND_DOWN,BUY DOWN,0.22344285714285717,0.7765571428571428,0.55,0.44,-0.3321126984126984,0.33211269841269836,DOWN:EARLY:GOOD
2026-02-15T11:00:30.091Z,0.498,14.499,TREND_DOWN,BUY DOWN,0.22383746031746038,0.7761625396825396,0.55,0.44,-0.3317180952380952,0.3317180952380951,DOWN:EARLY:GOOD
2026-02-15T11:00:31.344Z,0.518,14.478,TREND_DOWN,BUY DOWN,0.2242352380952381,0.7757647619047618,0.55,0.44,-0.3313203174603175,0.33132031746031737,DOWN:EARLY:GOOD
2026-02-15T11:00:32.588Z,0.539,14.457,TREND_DOWN,BUY DOWN,0.2246304761904762,0.7753695238095237,0.55,0.44,-0.33092507936507937,0.33092507936507926,DOWN:EARLY:GOOD
2026-02-15T11:00:33.838Z,0.560,14.436,TREND_DOWN,BUY DOWN,0.22502698412698413,0.7749730158730159,0.55,0.44,-0.33052857142857145,0.33052857142857145,DOWN:EARLY:GOOD
2026-02-15T11:00:35.076Z,0.581,14.415,TREND_DOWN,BUY DOWN,0.22542,0.77458,0.56,0.43,-0.34023656565656574,0.3402365656565657,DOWN:EARLY:GOOD
2026-02-15T11:00:36.322Z,0.601,14.395,TREND_DOWN,NO TRADE,0.26008861111111115,0.7399113888888889,0.57,0.42,-0.31566896464646454,0.3156689646464646,NO_TRADE
2026-02-15T11:00:37.566Z,0.622,14.374,TREND_DOWN,NO TRADE,0.2604344444444444,0.7395655555555556,0.58,0.4,-0.33140229024943313,0.33140229024943313,NO_TRADE
2026-02-15T11:00:38.812Z,0.643,14.353,TREND_DOWN,NO TRADE,0.26078055555555557,0.7392194444444444,0.6,0.39,-0.3452800505050505,0.34528005050505045,NO_TRADE
2026-02-15T11:00:40.058Z,0.664,14.332,TREND_DOWN,NO TRADE,0.2611261111111111,0.7388738888888888,0.6,0.39,-0.34493449494949496,0.34493449494949485,NO_TRADE
2026-02-15T11:00:41.319Z,0.684,14.311,TREND_DOWN,NO TRADE,0.26147722222222225,0.7385227777777778,0.58,0.41,-0.3243813636363636,0.3243813636363636,NO_TRADE
2026-02-15T11:00:42.564Z,0.705,14.291,TREND_DOWN,NO TRADE,0.26182222222222223,0.7381777777777778,0.58,0.41,-0.3240363636363636,0.3240363636363637,NO_TRADE
2026-02-15T11:00:43.811Z,0.726,14.270,TREND_DOWN,NO TRADE,0.2621686111111111,0.7378313888888889,0.58,0.4109950248756219,-0.32310173378572105,0.32310173378572105,NO_TRADE
2026-02-15T11:00:45.058Z,0.747,14.249,TREND_DOWN,NO TRADE,0.2625152777777778,0.7374847222222223,0.58,0.41,-0.3233433080808081,0.32334330808080813,NO_TRADE
2026-02-15T11:00:47.303Z,0.768,14.212,TREND_DOWN,NO TRADE,0.26313916666666665,0.7368608333333333,0.58,0.41,-0.3227194191919192,0.32271941919191915,NO_TRADE
2026-02-15T11:00:48.550Z,0.805,14.191,TREND_DOWN,NO TRADE,0.26348527777777775,0.7365147222222223,0.56,0.43,-0.302171287878788,0.3021712878787879,NO_TRADE
2026-02-15T11:00:49.801Z,0.826,14.170,TREND_DOWN,NO TRADE,0.2638330555555556,0.7361669444444444,0.59,0.4,-0.3321265404040403,0.3321265404040403,NO_TRADE
2026-02-15T11:00:51.045Z,0.847,14.149,TREND_DOWN,NO TRADE,0.2641783333333333,0.7358216666666667,0.6,0.39,-0.3418822727272728,0.34188227272727273,NO_TRADE
2026-02-15T11:00:52.288Z,0.867,14.129,TREND_DOWN,NO TRADE,0.2645236111111111,0.7354763888888889,0.6,0.39,-0.34153699494949497,0.3415369949494949,NO_TRADE
2026-02-15T11:00:53.536Z,0.888,14.108,TREND_DOWN,NO TRADE,0.26487055555555555,0.7351294444444445,0.61,0.38,-0.3512910606060606,0.35129106060606063,NO_TRADE
2026-02-15T11:00:54.789Z,0.909,14.087,TREND_DOWN,NO TRADE,0.26521833333333333,0.7347816666666667,0.61,0.38,-0.3509432828282828,0.3509432828282828,NO_TRADE
2026-02-15T11:00:56.054Z,0.930,14.066,TREND_DOWN,NO TRADE,0.2655697222222222,0.7344302777777778,0.61,0.38,-0.35059189393939394,0.35059189393939394,NO_TRADE
2026-02-15T11:00:57.296Z,0.951,14.045,TREND_DOWN,NO TRADE,0.265915,0.734085,0.61,0.38,-0.3502466161616161,0.3502466161616161,NO_TRADE
2026-02-15T11:00:58.542Z,0.972,14.024,TREND_DOWN,NO TRADE,0.26626083333333334,0.7337391666666666,0.61,0.38,-0.3499007828282828,0.34990078282828274,NO_TRADE
2026-02-15T11:00:59.785Z,0.992,14.004,TREND_DOWN,NO TRADE,0.2666061111111111,0.7333938888888889,0.61,0.38,-0.34955550505050503,0.34955550505050503,NO_TRADE
2026-02-15T11:01:01.031Z,1.013,13.983,TREND_DOWN,BUY DOWN,0.3668295238095238,0.6331704761904762,0.61,0.38,-0.2493320923520923,0.2493320923520923,DOWN:EARLY:GOOD
2026-02-15T11:01:02.281Z,1.034,13.962,TREND_DOWN,BUY DOWN,0.3670284126984127,0.6329715873015873,0.61,0.38,-0.24913320346320345,0.24913320346320345,DOWN:EARLY:GOOD
2026-02-15T11:01:03.530Z,1.055,13.941,TREND_DOWN,BUY DOWN,0.3672266666666667,0.6327733333333333,0.61,0.38,-0.24893494949494943,0.24893494949494943,DOWN:EARLY:GOOD
2026-02-15T11:01:05.220Z,1.076,13.913,TREND_DOWN,BUY DOWN,0.36749476190476194,0.6325052380952381,0.61,0.38,-0.2486668542568542,0.2486668542568542,DOWN:EARLY:GOOD
2026-02-15T11:01:06.471Z,1.104,13.892,TREND_DOWN,BUY DOWN,0.3676934920634921,0.6323065079365079,0.61,0.38,-0.24846812409812402,0.24846812409812402,DOWN:EARLY:GOOD
2026-02-15T11:01:07.718Z,1.125,13.871,TREND_DOWN,BUY DOWN,0.3678914285714286,0.6321085714285715,0.61,0.38,-0.24827018759018754,0.2482701875901876,DOWN:EARLY:GOOD
2026-02-15T11:01:08.989Z,1.146,13.850,TREND_DOWN,BUY DOWN,0.3680928571428571,0.6319071428571429,0.61,0.38,-0.24806875901875902,0.24806875901875902,DOWN:EARLY:GOOD
2026-02-15T11:01:10.681Z,1.167,13.822,TREND_DOWN,BUY DOWN,0.36836174603174604,0.6316382539682539,0.61,0.38,-0.2477998701298701,0.24779987012987004,DOWN:EARLY:GOOD
2026-02-15T11:01:11.938Z,1.195,13.801,TREND_DOWN,BUY DOWN,0.3685611111111111,0.6314388888888889,0.61,0.38,-0.24760050505050502,0.24760050505050502,DOWN:EARLY:GOOD
2026-02-15T11:01:13.190Z,1.216,13.780,TREND_DOWN,BUY DOWN,0.36875968253968255,0.6312403174603174,0.61,0.38,-0.24740193362193358,0.24740193362193352,DOWN:EARLY:GOOD
2026-02-15T11:01:14.443Z,1.237,13.759,TREND_DOWN,BUY DOWN,0.3689588888888889,0.6310411111111112,0.61,0.38,-0.24720272727272724,0.2472027272727273,DOWN:EARLY:GOOD
2026-02-15T11:01:15.701Z,1.257,13.738,TREND_DOWN,BUY DOWN,0.3691584126984127,0.6308415873015873,0.61,0.38,-0.24700320346320342,0.24700320346320348,DOWN:EARLY:GOOD
2026-02-15T11:01:16.953Z,1.279,13.717,TREND_DOWN,BUY DOWN,0.3693573015873016,0.6306426984126984,0.61,0.38,-0.2468043145743145,0.2468043145743145,DOWN:EARLY:GOOD
2026-02-15T11:01:18.197Z,1.299,13.697,TREND_DOWN,BUY DOWN,0.3695546031746032,0.6304453968253968,0.61,0.38,-0.24660701298701293,0.24660701298701293,DOWN:EARLY:GOOD
2026-02-15T11:01:19.441Z,1.320,13.676,TREND_DOWN,BUY DOWN,0.36975206349206347,0.6302479365079365,0.61,0.38,-0.24640955266955267,0.24640955266955267,DOWN:EARLY:GOOD
2026-02-15T11:01:21.133Z,1.341,13.648,TREND_DOWN,BUY DOWN,0.3700204761904762,0.6299795238095238,0.61,0.38,-0.24614113997113996,0.24614113997113996,DOWN:EARLY:GOOD
2026-02-15T11:01:22.387Z,1.369,13.627,TREND_DOWN,BUY DOWN,0.37022,0.62978,0.61,0.38,-0.24594161616161614,0.24594161616161614,DOWN:EARLY:GOOD
2026-02-15T11:01:23.641Z,1.390,13.606,TREND_DOWN,BUY DOWN,0.37041873015873017,0.6295812698412698,0.62,0.37,-0.25584389610389613,0.2558438961038961,DOWN:EARLY:GOOD
2026-02-15T11:01:24.894Z,1.411,13.585,TREND_DOWN,BUY DOWN,0.37061761904761903,0.629382380952381,0.63,0.36,-0.2657460173160173,0.2657460173160173,DOWN:EARLY:GOOD
2026-02-15T11:01:26.145Z,1.432,13.564,TREND_DOWN,BUY DOWN,0.3708160317460317,0.6291839682539683,0.6,0.38,-0.24142886621315196,0.24142886621315196,DOWN:EARLY:GOOD
2026-02-15T11:01:27.401Z,1.453,13.543,TREND_DOWN,BUY DOWN,0.37101555555555554,0.6289844444444445,0.6,0.39,-0.23504505050505053,0.23504505050505048,DOWN:EARLY:GOOD
2026-02-15T11:01:28.643Z,1.473,13.523,TREND_DOWN,BUY DOWN,0.3712128571428571,0.6287871428571429,0.6,0.39,-0.23484774891774896,0.2348477489177489,DOWN:EARLY:GOOD
2026-02-15T11:01:29.893Z,1.494,13.502,TREND_DOWN,BUY DOWN,0.37141111111111114,0.6285888888888889,0.6,0.39,-0.23464949494949494,0.23464949494949489,DOWN:EARLY:GOOD
2026-02-15T11:01:31.136Z,1.515,13.481,TREND_DOWN,BUY DOWN,0.3716084126984127,0.6283915873015873,0.6,0.39,-0.23445219336219336,0.2344521933621933,DOWN:EARLY:GOOD
2026-02-15T11:01:32.376Z,1.536,13.460,TREND_DOWN,BUY DOWN,0.3718053968253968,0.6281946031746032,0.6,0.39,-0.23425520923520926,0.2342552092352092,DOWN:EARLY:GOOD
2026-02-15T11:01:33.622Z,1.556,13.440,TREND_DOWN,BUY DOWN,0.3720030158730159,0.6279969841269841,0.6,0.39,-0.2340575901875902,0.23405759018759015,DOWN:EARLY:GOOD
2026-02-15T11:01:34.893Z,1.578,13.418,TREND_DOWN,BUY DOWN,0.3722047619047619,0.6277952380952381,0.6,0.39,-0.23385584415584415,0.2338558441558441,DOWN:EARLY:GOOD
2026-02-15T11:01:36.133Z,1.598,13.398,TREND_DOWN,BUY DOWN,0.37240174603174603,0.627598253968254,0.61,0.38,-0.2437598701298701,0.2437598701298701,DOWN:EARLY:GOOD
2026-02-15T11:01:37.380Z,1.619,13.377,TREND_DOWN,BUY DOWN,0.37259952380952377,0.6274004761904762,0.62,0.37,-0.25366310245310253,0.2536631024531025,DOWN:EARLY:GOOD
2026-02-15T11:01:38.628Z,1.640,13.356,TREND_DOWN,BUY DOWN,0.3727974603174603,0.6272025396825397,0.62,0.37,-0.253465165945166,0.25346516594516594,DOWN:EARLY:GOOD
2026-02-15T11:01:39.874Z,1.661,13.335,TREND_DOWN,BUY DOWN,0.37299539682539684,0.6270046031746032,0.62,0.37,-0.25326722943722946,0.2532672294372294,DOWN:EARLY:GOOD
2026-02-15T11:01:41.133Z,1.681,13.314,TREND_DOWN,BUY DOWN,0.3731953968253968,0.6268046031746032,0.61,0.38,-0.2429662193362193,0.2429662193362193,DOWN:EARLY:GOOD
2026-02-15T11:01:42.385Z,1.702,13.294,TREND_DOWN,BUY DOWN,0.373394126984127,0.626605873015873,0.61,0.38,-0.24276748917748914,0.24276748917748914,DOWN:EARLY:GOOD
2026-02-15T11:01:43.629Z,1.723,13.273,TREND_DOWN,BUY DOWN,0.37359174603174605,0.626408253968254,0.62,0.37,-0.25267088023088025,0.2526708802308802,DOWN:EARLY:GOOD
2026-02-15T11:01:44.879Z,1.744,13.252,TREND_DOWN,BUY DOWN,0.37378999999999996,0.62621,0.63,0.36,-0.2625736363636364,0.2625736363636364,DOWN:EARLY:GOOD
2026-02-15T11:01:46.150Z,1.765,13.231,TREND_DOWN,BUY DOWN,0.373991746031746,0.626008253968254,0.64,0.35,-0.2724729004329005,0.27247290043290046,DOWN:EARLY:GOOD
2026-02-15T11:01:47.391Z,1.786,13.210,TREND_DOWN,BUY DOWN,0.37418841269841274,0.6258115873015873,0.64,0.35,-0.2722762337662338,0.2722762337662337,DOWN:EARLY:GOOD
2026-02-15T11:01:48.643Z,1.807,13.189,TREND_DOWN,BUY DOWN,0.3743874603174603,0.6256125396825397,0.64,0.35,-0.27207718614718623,0.2720771861471862,DOWN:EARLY:GOOD
2026-02-15T11:01:49.892Z,1.828,13.168,TREND_DOWN,BUY DOWN,0.3745857142857143,0.6254142857142857,0.64,0.35,-0.2718789321789322,0.27187893217893216,DOWN:EARLY:GOOD
2026-02-15T13:06:16.025Z,6.261,8.733,TREND_DOWN,BUY DOWN,0.3314690643274854,0.6685309356725146,0.63,0.36,-0.30489457203615095,0.304894572036151,DOWN:MID:GOOD
2026-02-15T13:06:17.276Z,6.284,8.712,TREND_DOWN,BUY DOWN,0.3318711111111111,0.6681288888888889,0.63,0.36,-0.30449252525252524,0.30449252525252524,DOWN:MID:GOOD
2026-02-15T13:06:18.527Z,6.305,8.691,TREND_DOWN,BUY DOWN,0.3322741228070175,0.6677258771929825,0.63,0.36,-0.30408951355661884,0.30408951355661884,DOWN:MID:GOOD
2026-02-15T13:06:19.772Z,6.326,8.671,TREND_DOWN,BUY DOWN,0.3326745614035087,0.6673254385964913,0.61,0.38,-0.2834870547581074,0.2834870547581074,DOWN:MID:GOOD
2026-02-15T13:06:21.007Z,6.346,8.650,TREND_DOWN,BUY DOWN,0.3330721052631579,0.6669278947368421,0.62,0.3709950248756219,-0.2925617116955248,0.29256171169552475,DOWN:MID:GOOD
2026-02-15T13:06:22.253Z,6.367,8.629,TREND_DOWN,BUY DOWN,0.333472865497076,0.666527134502924,0.65,0.34,-0.3230927910685806,0.3230927910685805,DOWN:MID:GOOD
2026-02-15T13:06:23.499Z,6.388,8.608,TREND_DOWN,BUY DOWN,0.37702285714285716,0.6229771428571429,0.67,0.3,-0.313698792341679,0.31369879234167897,DOWN:MID:GOOD
2026-02-15T13:06:24.748Z,6.408,8.588,TREND_DOWN,BUY DOWN,0.37732047619047615,0.6226795238095238,0.72,0.26,-0.3573734013605443,0.35737340136054424,DOWN:MID:GOOD
2026-02-15T13:06:26.003Z,6.429,8.567,TREND_DOWN,BUY DOWN,0.37761904761904763,0.6223809523809524,0.72,0.27,-0.34965367965367966,0.3496536796536796,DOWN:MID:GOOD
2026-02-15T13:06:27.250Z,6.450,8.546,TREND_DOWN,BUY DOWN,0.37791619047619046,0.6220838095238095,0.7,0.28,-0.33636952380952384,0.33636952380952373,DOWN:MID:GOOD
2026-02-15T13:06:28.504Z,6.471,8.525,TREND_DOWN,BUY DOWN,0.3782147619047619,0.6217852380952381,0.7,0.29,-0.3288559451659452,0.3288559451659452,DOWN:MID:GOOD
2026-02-15T13:06:29.752Z,6.492,8.504,TREND_DOWN,BUY DOWN,0.37851190476190477,0.6214880952380952,0.7009950248756219,0.29,-0.32885292278967926,0.32885292278967915,DOWN:MID:GOOD
2026-02-15T13:06:30.999Z,6.513,8.483,TREND_DOWN,NO TRADE,0.40574,0.59426,0.7109950248756219,0.28,-0.3117156955670466,0.31171569556704654,NO_TRADE
2026-02-15T13:06:32.247Z,6.533,8.463,TREND_DOWN,NO TRADE,0.4059711111111111,0.5940288888888889,0.73,0.26,-0.33140262626262623,0.3314026262626263,NO_TRADE
2026-02-15T13:06:33.492Z,6.554,8.442,TREND_DOWN,NO TRADE,0.40620185185185187,0.5937981481481481,0.73,0.26,-0.3311718855218855,0.3311718855218855,NO_TRADE
2026-02-15T13:06:34.750Z,6.575,8.421,TREND_DOWN,NO TRADE,0.40643444444444443,0.5935655555555556,0.73,0.26,-0.3309392929292929,0.3309392929292929,NO_TRADE
2026-02-15T13:06:36.003Z,6.596,8.400,TREND_DOWN,NO TRADE,0.4066666666666666,0.5933333333333334,0.73,0.26,-0.3307070707070707,0.3307070707070707,NO_TRADE
2026-02-15T13:06:37.258Z,6.617,8.379,TREND_DOWN,NO TRADE,0.3802990476190476,0.6197009523809525,0.72,0.27,-0.3469736796536797,0.3469736796536797,NO_TRADE
2026-02-15T13:06:38.509Z,6.638,8.358,TREND_DOWN,NO TRADE,0.3805969047619048,0.6194030952380952,0.69,0.3,-0.31637279220779213,0.3163727922077922,NO_TRADE
2026-02-15T13:06:39.762Z,6.659,8.337,TREND_DOWN,BUY DOWN,0.33910377192982455,0.6608962280701755,0.67,0.3,-0.35161787755471163,0.3516178775547115,DOWN:MID:GOOD
2026-02-15T13:06:41.015Z,6.679,8.316,TREND_DOWN,BUY DOWN,0.339506783625731,0.6604932163742689,0.62,0.37,-0.2867558426368953,0.2867558426368952,DOWN:MID:GOOD
2026-02-15T13:06:42.283Z,6.700,8.295,TREND_DOWN,BUY DOWN,0.33991461988304095,0.660085380116959,0.6409950248756219,0.35,-0.3069049995757672,0.3069049995757672,DOWN:MID:GOOD
2026-02-15T13:06:43.539Z,6.722,8.274,TREND_DOWN,BUY DOWN,0.3403185964912281,0.6596814035087719,0.67,0.32,-0.3364490802764487,0.33644908027644865,DOWN:MID:GOOD
2026-02-15T13:06:44.800Z,6.743,8.253,TREND_DOWN,BUY DOWN,0.3407248245614035,0.6592751754385965,0.66,0.33,-0.3259418421052632,0.3259418421052631,DOWN:MID:GOOD
2026-02-15T13:06:46.047Z,6.763,8.233,TREND_DOWN,NO TRADE,0.3823916666666667,0.6176083333333333,0.69,0.3,-0.3145780303030302,0.3145780303030303,NO_TRADE
2026-02-15T13:06:47.303Z,6.784,8.212,TREND_DOWN,NO TRADE,0.38269095238095235,0.6173090476190477,0.71,0.2809950248756219,-0.33376067671689397,0.33376067671689397,NO_TRADE
2026-02-15T13:06:48.548Z,6.805,8.191,TREND_DOWN,NO TRADE,0.38298714285714286,0.6170128571428571,0.73,0.26,-0.3543865945165945,0.3543865945165945,NO_TRADE
2026-02-15T13:06:49.797Z,6.826,8.170,TREND_DOWN,NO TRADE,0.3832845238095238,0.6167154761904762,0.73,0.2609950248756219,-0.3533488413192477,0.3533488413192477,NO_TRADE
2026-02-15T13:06:51.056Z,6.847,8.149,TREND_DOWN,BUY DOWN,0.35874864444444443,0.6412513555555556,0.73,0.26,-0.3786250929292929,0.3786250929292929,DOWN:MID:GOOD
2026-02-15T13:06:52.328Z,6.868,8.128,TREND_DOWN,NO TRADE,0.47537,0.5246299999999999,0.74,0.25,-0.2721047474747475,0.2721047474747474,NO_TRADE
2026-02-15T13:06:53.573Z,6.889,8.107,TREND_DOWN,NO TRADE,0.4754328282828283,0.5245671717171717,0.7409950248756219,0.25,-0.27229547133060616,0.2722954713306061,NO_TRADE
2026-02-15T13:06:54.817Z,6.910,8.086,TREND_DOWN,NO TRADE,0.47549565656565657,0.5245043434343435,0.74,0.25,-0.27197909090909095,0.27197909090909095,NO_TRADE
2026-02-15T13:06:56.077Z,6.931,8.065,TREND_DOWN,NO TRADE,0.47555929292929294,0.5244407070707071,0.75,0.24,-0.2820164646464646,0.2820164646464647,NO_TRADE
